_ZN26ComputeNonbondedWorkArraysC1Ev,2705500,4496,5411,4,4496,0,7645,669,722,18,781,18,0,0,0,35
_ZN13SimParametersC1Ev,989000,66,1978,0,66,38,130,1,78,9,2,9,0,60,0,17
_ZN13SimParameters8setparamEPKcS1_,13339500,4623,26679,199,4623,121,8922,990,628,60,1334,210,1,418,11,215
_ZN13SimParameters8setparamEPKcS1_,2532500,4631,5065,104,4631,121,9041,1024,628,0,1238,4,0,0,0,2
_ZN13SimParameters8setparamEPKcS1_,3403500,4671,6807,74,4671,121,9207,1074,643,1,1236,16,0,0,0,17
_ZN13SimParameters8setparamEPKcS1_,1840500,4099,3681,39,4099,125,8035,936,557,0,1063,5,0,0,0,2
_ZN13SimParameters8setparamEPKcS1_,305000,175,610,14,175,0,487,67,15,1,74,14,0,0,0,2
_ZN13SimParameters8setparamEPKcS1_,308000,184,616,13,184,0,512,69,15,2,79,1,0,0,0,1
_ZN13SimParameters8setparamEPKcS1_,402000,479,804,25,479,17,1027,111,52,5,132,5,0,0,0,5
_ZN13SimParameters8setparamEPKcS1_,187500,202,375,14,202,0,496,51,15,0,68,0,0,0,0,0
_ZN13SimParameters8setparamEPKcS1_,275500,497,551,12,497,17,1059,109,52,0,131,2,0,0,0,1
_Z11parse_paramPKcS0_S0_Rd,567000,469,1134,16,469,42,906,89,48,3,119,10,0,0,0,8
_ZN13SimParameters8setparamEPKcS1_,113000,109,226,5,109,5,327,40,8,0,43,2,0,0,0,1
_Z11parse_paramPKcS0_S0_Rd,58500,36,117,4,36,9,94,7,4,0,13,0,0,0,0,0
_Z11parse_paramPKcS0_S0_Rd,539500,500,1079,17,500,59,960,97,48,0,128,8,0,0,0,5
_ZN13SimParameters8setparamEPKcS1_,127500,116,255,9,116,5,305,28,8,1,38,0,0,0,0,1
_Z11parse_paramPKcS0_S0_Rd,40500,36,81,2,36,9,94,7,4,0,11,0,0,0,0,0
_Z11parse_paramPKcS0_S0_Rd,64500,56,129,6,56,16,127,12,4,0,17,0,0,0,0,0
_Z11parse_paramPKcS0_S0_Ri,65500,150,131,1,150,9,316,28,11,0,43,1,0,0,0,1
_ZN13SimParameters8setparamEPKcS1_,86000,126,172,5,126,10,310,28,8,0,36,1,0,0,0,0
_Z11parse_paramPKcS0_S0_Rd,23000,37,46,1,37,9,96,7,4,0,11,0,0,0,0,0
_Z11parse_paramPKcS0_S0_Rd,53000,56,106,5,56,16,127,12,4,0,20,0,0,0,0,0
_Z11parse_paramPKcS0_S0_Ri,43000,36,86,2,36,9,94,7,4,0,14,0,0,0,0,0
_Z11parse_paramPKcS0_S0_Rd,196000,457,392,5,457,26,894,86,48,0,106,0,0,0,0,0
_ZN13SimParameters8setparamEPKcS1_,78000,135,156,3,135,15,325,32,8,0,34,0,0,0,0,0
_Z11parse_paramPKcS0_S0_Rd,36500,39,73,2,39,12,98,9,4,0,13,0,0,0,0,0
_Z11parse_paramPKcS0_S0_Rd,51000,57,102,4,57,16,129,12,4,0,22,0,0,0,0,0
_Z11parse_paramPKcS0_S0_Ri,36500,38,73,1,38,11,97,8,4,0,15,0,0,0,0,0
_Z11parse_paramPKcS0_S0_Rd,41500,36,83,2,36,9,94,7,4,0,13,0,0,0,0,0
_Z11parse_paramPKcS0_S0_Rd,421000,710,842,22,710,26,1363,142,81,0,176,3,0,0,0,1
_ZN13SimParameters8setparamEPKcS1_,65000,140,130,1,140,15,329,31,8,0,32,0,0,0,0,0
_Z11parse_paramPKcS0_S0_Rd,33000,39,66,1,39,12,98,9,4,0,12,0,0,0,0,0
_Z11parse_paramPKcS0_S0_Rd,48500,57,97,3,57,16,130,12,4,0,21,0,0,0,0,0
_Z11parse_paramPKcS0_S0_Ri,21000,37,42,0,37,9,96,7,4,0,11,0,0,0,0,0
_Z11parse_paramPKcS0_S0_Rd,19000,37,38,0,37,9,96,7,4,0,10,0,0,0,0,0
_Z11parse_paramPKcS0_S0_Rd,40000,36,80,2,36,9,94,7,4,0,12,0,0,0,0,0
_Z11parse_paramPKcS0_S0_Ri,126500,150,253,9,150,9,317,28,11,0,50,0,0,0,0,0
_ZN13SimParameters8setparamEPKcS1_,54500,150,109,0,150,22,344,36,8,0,32,0,0,0,0,0
_Z11parse_paramPKcS0_S0_Rd,21000,37,42,0,37,9,96,7,4,0,10,0,0,0,0,0
_Z11parse_paramPKcS0_S0_Rd,35000,57,70,1,57,16,130,12,4,0,19,0,0,0,0,0
_Z11parse_paramPKcS0_S0_Ri,21500,37,43,0,37,9,96,7,4,0,11,0,0,0,0,0
_Z11parse_paramPKcS0_S0_Rd,32000,37,64,1,37,9,96,7,4,0,12,0,0,0,0,0
_Z11parse_paramPKcS0_S0_Rd,21000,37,42,0,37,9,96,7,4,0,11,0,0,0,0,0
_Z11parse_paramPKcS0_S0_Ri,20500,37,41,1,37,9,96,7,4,0,9,0,0,0,0,0
_Z11parse_paramPKcS0_S0_Rd,796000,241,1592,14,241,63,486,65,27,2,76,13,0,0,0,12
_ZN13SimParameters8setparamEPKcS1_,62000,158,124,1,158,25,357,38,8,0,32,0,0,0,0,0
_Z11parse_paramPKcS0_S0_Rd,21000,39,42,0,39,12,98,9,4,0,10,0,0,0,0,0
_Z11parse_paramPKcS0_S0_Rd,32500,57,65,1,57,16,130,12,4,0,19,0,0,0,0,0
_Z11parse_paramPKcS0_S0_Ri,21500,37,43,0,37,9,96,7,4,0,11,0,0,0,0,0
_Z11parse_paramPKcS0_S0_Rd,19000,37,38,0,37,9,96,7,4,0,10,0,0,0,0,0
_Z11parse_paramPKcS0_S0_Rd,20000,37,40,0,37,9,96,7,4,0,11,0,0,0,0,0
_Z11parse_paramPKcS0_S0_Ri,22000,37,44,1,37,9,96,7,4,0,11,0,0,0,0,0
_Z11parse_paramPKcS0_S0_Rd,72500,79,145,7,79,44,158,18,4,0,28,0,0,0,0,0
_Z11parse_paramPKcS0_S0_Rd,102500,198,205,3,198,28,422,54,27,0,51,0,0,0,0,0
_ZN13SimParameters8setparamEPKcS1_,60000,165,120,0,165,27,371,40,8,0,31,0,0,0,0,0
_Z11parse_paramPKcS0_S0_Rd,21000,39,42,0,39,12,98,9,4,0,10,0,0,0,0,0
_Z11parse_paramPKcS0_S0_Rd,32500,57,65,1,57,16,130,12,4,0,19,0,0,0,0,0
_Z11parse_paramPKcS0_S0_Ri,21500,37,43,0,37,9,96,7,4,0,11,0,0,0,0,0
_Z11parse_paramPKcS0_S0_Rd,19000,37,38,0,37,9,96,7,4,0,10,0,0,0,0,0
_Z11parse_paramPKcS0_S0_Rd,20000,37,40,0,37,9,96,7,4,0,11,0,0,0,0,0
_Z11parse_paramPKcS0_S0_Ri,22000,37,44,1,37,9,96,7,4,0,11,0,0,0,0,0
_Z11parse_paramPKcS0_S0_Rd,35500,57,71,1,57,18,127,12,4,0,16,0,0,0,0,0
_Z11parse_paramPKcS0_S0_Rd,33000,36,66,2,36,9,94,7,4,0,10,1,0,0,0,0
_Z11parse_paramPKcS0_S0_Ri,91500,150,183,4,150,9,316,28,11,0,49,1,0,0,0,1
_ZN13SimParameters8setparamEPKcS1_,62000,174,124,0,174,32,386,44,8,0,32,0,0,0,0,0
_Z11parse_paramPKcS0_S0_Rd,21000,37,42,0,37,9,96,7,4,0,10,0,0,0,0,0
_Z11parse_paramPKcS0_S0_Rd,35000,57,70,1,57,16,130,12,4,0,19,0,0,0,0,0
_Z11parse_paramPKcS0_S0_Ri,21500,37,43,0,37,9,96,7,4,0,11,0,0,0,0,0
_Z11parse_paramPKcS0_S0_Rd,19000,37,38,0,37,9,96,7,4,0,10,0,0,0,0,0
_Z11parse_paramPKcS0_S0_Rd,21000,37,42,1,37,9,96,7,4,0,10,0,0,0,0,0
_Z11parse_paramPKcS0_S0_Ri,23500,37,47,1,37,9,96,7,4,0,11,0,0,0,0,0
_Z11parse_paramPKcS0_S0_Rd,35500,57,71,1,57,18,127,12,4,0,16,0,0,0,0,0
_Z11parse_paramPKcS0_S0_Rd,19000,37,38,0,37,9,96,7,4,0,10,0,0,0,0,0
_Z11parse_paramPKcS0_S0_Ri,28500,36,57,1,36,9,94,7,4,0,11,0,0,0,0,0
_Z11parse_paramPKcS0_S0_Ri,93000,152,186,4,152,12,319,30,11,0,47,0,0,0,0,0
_ZN13SimParameters8setparamEPKcS1_,71000,183,142,1,183,37,401,48,8,0,33,0,0,0,0,0
_Z11parse_paramPKcS0_S0_Rd,20000,39,40,0,39,12,98,9,4,0,10,0,0,0,0,0
_Z11parse_paramPKcS0_S0_Rd,32500,57,65,1,57,16,130,12,4,0,19,0,0,0,0,0
_Z11parse_paramPKcS0_S0_Ri,21500,37,43,0,37,9,96,7,4,0,11,0,0,0,0,0
_Z11parse_paramPKcS0_S0_Rd,19000,37,38,0,37,9,96,7,4,0,10,0,0,0,0,0
_Z11parse_paramPKcS0_S0_Rd,20000,37,40,0,37,9,96,7,4,0,11,0,0,0,0,0
_Z11parse_paramPKcS0_S0_Ri,20000,37,40,0,37,9,96,7,4,0,10,0,0,0,0,0
_Z11parse_paramPKcS0_S0_Rd,27500,57,55,0,57,18,128,12,4,0,16,0,0,0,0,0
_Z11parse_paramPKcS0_S0_Rd,20500,37,41,0,37,9,96,7,4,0,11,0,0,0,0,0
_Z11parse_paramPKcS0_S0_Ri,21000,37,42,0,37,9,96,7,4,0,11,0,0,0,0,0
_Z11parse_paramPKcS0_S0_Ri,19500,37,39,0,37,9,96,7,4,0,10,0,0,0,0,0
_Z11parse_paramPKcS0_S0_Ri,279500,183,559,9,183,25,368,33,11,1,57,6,0,0,0,5
_ZN13SimParameters8setparamEPKcS1_,62500,192,125,0,192,42,414,52,8,0,31,0,0,0,0,0
_Z11parse_paramPKcS0_S0_Rd,27500,39,55,1,39,12,98,9,4,0,10,0,0,0,0,0
_Z11parse_paramPKcS0_S0_Rd,31500,57,63,1,57,16,130,12,4,0,17,0,0,0,0,0
_Z11parse_paramPKcS0_S0_Ri,21500,37,43,0,37,9,96,7,4,0,11,0,0,0,0,0
_Z11parse_paramPKcS0_S0_Rd,19000,37,38,0,37,9,96,7,4,0,10,0,0,0,0,0
_Z11parse_paramPKcS0_S0_Rd,20000,37,40,0,37,9,96,7,4,0,11,0,0,0,0,0
_Z11parse_paramPKcS0_S0_Ri,22000,37,44,1,37,9,96,7,4,0,11,0,0,0,0,0
_Z11parse_paramPKcS0_S0_Rd,27500,57,55,0,57,18,127,12,4,0,16,0,0,0,0,0
_Z11parse_paramPKcS0_S0_Rd,20000,37,40,0,37,9,96,7,4,0,11,0,0,0,0,0
_Z11parse_paramPKcS0_S0_Ri,21000,37,42,0,37,9,96,7,4,0,11,0,0,0,0,0
_Z11parse_paramPKcS0_S0_Ri,19500,37,39,0,37,9,96,7,4,0,10,0,0,0,0,0
_Z11parse_paramPKcS0_S0_Ri,20500,37,41,0,37,9,96,7,4,0,10,0,0,0,0,0
_Z11parse_paramPKcS0_S0_Ri,391000,193,782,10,193,42,384,39,11,0,63,7,0,0,0,4
_ZN13SimParameters8setparamEPKcS1_,67000,199,134,0,199,42,427,52,8,0,35,0,0,0,0,0
_Z11parse_paramPKcS0_S0_Rd,21000,39,42,0,39,12,98,9,4,0,10,0,0,0,0,0
_Z11parse_paramPKcS0_S0_Rd,32500,57,65,1,57,16,130,12,4,0,19,0,0,0,0,0
_Z11parse_paramPKcS0_S0_Ri,21500,37,43,0,37,9,96,7,4,0,11,0,0,0,0,0
_Z11parse_paramPKcS0_S0_Rd,19000,37,38,0,37,9,96,7,4,0,10,0,0,0,0,0
_Z11parse_paramPKcS0_S0_Rd,20000,37,40,0,37,9,96,7,4,0,11,0,0,0,0,0
_Z11parse_paramPKcS0_S0_Ri,22000,37,44,1,37,9,96,7,4,0,11,0,0,0,0,0
_Z11parse_paramPKcS0_S0_Rd,36000,57,72,1,57,18,127,12,4,0,17,0,0,0,0,0
_Z11parse_paramPKcS0_S0_Rd,20000,37,40,0,37,9,96,7,4,0,11,0,0,0,0,0
_Z11parse_paramPKcS0_S0_Ri,21000,37,42,0,37,9,96,7,4,0,11,0,0,0,0,0
_Z11parse_paramPKcS0_S0_Ri,19500,37,39,0,37,9,96,7,4,0,10,0,0,0,0,0
_Z11parse_paramPKcS0_S0_Ri,20500,37,41,0,37,9,96,7,4,0,10,0,0,0,0,0
_Z11parse_paramPKcS0_S0_Ri,83500,79,167,7,79,42,161,18,4,0,25,0,0,0,0,0
_Z11parse_paramPKcS0_S0_Ri,223000,225,446,11,225,51,438,40,11,0,73,6,0,0,0,3
_ZN13SimParameters8setparamEPKcS1_,72000,209,144,0,209,47,444,56,8,0,36,0,0,0,0,0
_Z11parse_paramPKcS0_S0_Rd,27500,39,55,1,39,12,98,9,4,0,10,0,0,0,0,0
_Z11parse_paramPKcS0_S0_Rd,31500,57,63,1,57,16,130,12,4,0,17,0,0,0,0,0
_Z11parse_paramPKcS0_S0_Ri,21500,37,43,0,37,9,96,7,4,0,11,0,0,0,0,0
_Z11parse_paramPKcS0_S0_Rd,19000,37,38,0,37,9,96,7,4,0,10,0,0,0,0,0
_Z11parse_paramPKcS0_S0_Rd,20000,37,40,0,37,9,96,7,4,0,11,0,0,0,0,0
_Z11parse_paramPKcS0_S0_Ri,20000,37,40,0,37,9,96,7,4,0,10,0,0,0,0,0
_Z11parse_paramPKcS0_S0_Rd,35500,57,71,2,57,18,128,12,4,0,17,0,0,0,0,0
_Z11parse_paramPKcS0_S0_Rd,20000,37,40,0,37,9,96,7,4,0,11,0,0,0,0,0
_Z11parse_paramPKcS0_S0_Ri,22000,37,44,1,37,9,96,7,4,0,10,0,0,0,0,0
_Z11parse_paramPKcS0_S0_Ri,21500,37,43,0,37,9,96,7,4,0,11,0,0,0,0,0
_Z11parse_paramPKcS0_S0_Ri,20500,37,41,0,37,9,96,7,4,0,10,0,0,0,0,0
_Z11parse_paramPKcS0_S0_Ri,72000,80,144,6,80,42,163,18,4,0,27,0,0,0,0,0
_Z11parse_paramPKcS0_S0_Ri,25500,36,51,1,36,9,94,7,4,0,9,0,0,0,0,0
_Z11parse_paramPKcS0_S0_Ri,261000,183,522,6,183,27,366,33,11,1,56,4,0,0,0,4
_ZN13SimParameters8setparamEPKcS1_,72500,218,145,0,218,52,458,60,8,0,38,0,0,0,0,0
_Z11parse_paramPKcS0_S0_Rd,20000,39,40,0,39,12,98,9,4,0,10,0,0,0,0,0
_Z11parse_paramPKcS0_S0_Rd,32500,57,65,1,57,16,130,12,4,0,19,0,0,0,0,0
_Z11parse_paramPKcS0_S0_Ri,21500,37,43,0,37,9,96,7,4,0,11,0,0,0,0,0
_Z11parse_paramPKcS0_S0_Rd,19000,37,38,0,37,9,96,7,4,0,10,0,0,0,0,0
_Z11parse_paramPKcS0_S0_Rd,21000,37,42,1,37,9,96,7,4,0,10,0,0,0,0,0
_Z11parse_paramPKcS0_S0_Ri,21500,37,43,0,37,9,96,7,4,0,10,0,0,0,0,0
_Z11parse_paramPKcS0_S0_Rd,36500,57,73,2,57,18,128,12,4,0,20,0,0,0,0,0
_Z11parse_paramPKcS0_S0_Rd,19000,37,38,0,37,9,96,7,4,0,10,0,0,0,0,0
_Z11parse_paramPKcS0_S0_Ri,21000,37,42,0,37,9,96,7,4,0,11,0,0,0,0,0
_Z11parse_paramPKcS0_S0_Ri,19500,37,39,0,37,9,96,7,4,0,10,0,0,0,0,0
_Z11parse_paramPKcS0_S0_Ri,20500,37,41,0,37,9,96,7,4,0,10,0,0,0,0,0
_Z11parse_paramPKcS0_S0_Ri,53000,57,106,5,57,16,130,12,4,0,19,0,0,0,0,0
_Z11parse_paramPKcS0_S0_Ri,20000,37,40,0,37,9,96,7,4,0,11,0,0,0,0,0
_Z11parse_paramPKcS0_S0_Ri,23000,37,46,1,37,9,96,7,4,0,11,0,0,0,0,0
_Z11parse_paramPKcS0_S0_Ri,254000,170,508,8,170,18,348,33,11,0,59,6,0,0,0,4
_ZN13SimParameters8setparamEPKcS1_,75500,224,151,0,224,52,469,60,8,0,36,0,0,0,0,0
_Z11parse_paramPKcS0_S0_Rd,20000,39,40,0,39,12,98,9,4,0,10,0,0,0,0,0
_Z11parse_paramPKcS0_S0_Rd,32500,57,65,1,57,16,130,12,4,0,19,0,0,0,0,0
_Z11parse_paramPKcS0_S0_Ri,21500,37,43,0,37,9,96,7,4,0,11,0,0,0,0,0
_Z11parse_paramPKcS0_S0_Rd,19000,37,38,0,37,9,96,7,4,0,10,0,0,0,0,0
_Z11parse_paramPKcS0_S0_Rd,20000,37,40,0,37,9,96,7,4,0,11,0,0,0,0,0
_Z11parse_paramPKcS0_S0_Ri,22000,37,44,1,37,9,96,7,4,0,11,0,0,0,0,0
_Z11parse_paramPKcS0_S0_Rd,37000,57,74,2,57,18,127,12,4,0,20,0,0,0,0,0
_Z11parse_paramPKcS0_S0_Rd,19000,37,38,0,37,9,96,7,4,0,10,0,0,0,0,0
_Z11parse_paramPKcS0_S0_Ri,21000,37,42,0,37,9,96,7,4,0,11,0,0,0,0,0
_Z11parse_paramPKcS0_S0_Ri,19500,37,39,0,37,9,96,7,4,0,10,0,0,0,0,0
_Z11parse_paramPKcS0_S0_Ri,20500,37,41,0,37,9,96,7,4,0,10,0,0,0,0,0
_Z11parse_paramPKcS0_S0_Ri,47500,57,95,3,57,16,130,12,4,0,18,0,0,0,0,0
_Z11parse_paramPKcS0_S0_Ri,20000,37,40,0,37,9,96,7,4,0,11,0,0,0,0,0
_Z11parse_paramPKcS0_S0_Ri,23000,37,46,1,37,9,96,7,4,0,11,0,0,0,0,0
_Z11parse_paramPKcS0_S0_Ri,62000,56,124,5,56,18,125,12,4,0,23,1,0,0,0,1
_Z11parse_paramPKcS0_S0_Ri,426000,193,852,12,193,42,383,39,11,0,68,8,0,0,0,4
_ZN13SimParameters8setparamEPKcS1_,84000,232,168,1,232,52,485,60,8,0,36,0,0,0,0,0
_Z11parse_paramPKcS0_S0_Rd,20000,39,40,0,39,12,98,9,4,0,10,0,0,0,0,0
_Z11parse_paramPKcS0_S0_Rd,32500,57,65,1,57,16,130,12,4,0,19,0,0,0,0,0
_Z11parse_paramPKcS0_S0_Ri,21500,37,43,0,37,9,96,7,4,0,11,0,0,0,0,0
_Z11parse_paramPKcS0_S0_Rd,19000,37,38,0,37,9,96,7,4,0,10,0,0,0,0,0
_Z11parse_paramPKcS0_S0_Rd,20000,37,40,0,37,9,96,7,4,0,11,0,0,0,0,0
_Z11parse_paramPKcS0_S0_Ri,22000,37,44,1,37,9,96,7,4,0,11,0,0,0,0,0
_Z11parse_paramPKcS0_S0_Rd,37000,57,74,1,57,18,127,12,4,0,20,0,0,0,0,0
_Z11parse_paramPKcS0_S0_Rd,19000,37,38,0,37,9,96,7,4,0,10,0,0,0,0,0
_Z11parse_paramPKcS0_S0_Ri,21000,37,42,0,37,9,96,7,4,0,11,0,0,0,0,0
_Z11parse_paramPKcS0_S0_Ri,19500,37,39,0,37,9,96,7,4,0,10,0,0,0,0,0
_Z11parse_paramPKcS0_S0_Ri,20500,37,41,0,37,9,96,7,4,0,10,0,0,0,0,0
_Z11parse_paramPKcS0_S0_Ri,47500,57,95,3,57,16,130,12,4,0,18,0,0,0,0,0
_Z11parse_paramPKcS0_S0_Ri,20000,37,40,0,37,9,96,7,4,0,11,0,0,0,0,0
_Z11parse_paramPKcS0_S0_Ri,21000,37,42,0,37,9,96,7,4,0,10,0,0,0,0,0
_Z11parse_paramPKcS0_S0_Ri,45000,57,90,4,57,18,128,12,4,0,21,0,0,0,0,0
_Z11parse_paramPKcS0_S0_Ri,60000,56,120,5,56,16,127,12,4,0,19,0,0,0,0,0
_Z11parse_paramPKcS0_S0_Ri,109500,183,219,4,183,27,367,33,11,0,53,0,0,0,0,0
_ZN13SimParameters8setparamEPKcS1_,83000,241,166,0,241,57,499,64,8,0,39,0,0,0,0,0
_Z11parse_paramPKcS0_S0_Rd,20000,39,40,0,39,12,98,9,4,0,10,0,0,0,0,0
_Z11parse_paramPKcS0_S0_Rd,32500,57,65,1,57,16,130,12,4,0,19,0,0,0,0,0
_Z11parse_paramPKcS0_S0_Ri,21500,37,43,0,37,9,96,7,4,0,11,0,0,0,0,0
_Z11parse_paramPKcS0_S0_Rd,19000,37,38,0,37,9,96,7,4,0,10,0,0,0,0,0
_Z11parse_paramPKcS0_S0_Rd,20000,37,40,0,37,9,96,7,4,0,11,0,0,0,0,0
_Z11parse_paramPKcS0_S0_Ri,22000,37,44,1,37,9,96,7,4,0,11,0,0,0,0,0
_Z11parse_paramPKcS0_S0_Rd,37500,57,75,1,57,18,127,12,4,0,17,0,0,0,0,0
_Z11parse_paramPKcS0_S0_Rd,18500,37,37,0,37,9,96,7,4,0,9,0,0,0,0,0
_Z11parse_paramPKcS0_S0_Ri,21000,37,42,0,37,9,96,7,4,0,11,0,0,0,0,0
_Z11parse_paramPKcS0_S0_Ri,19500,37,39,0,37,9,96,7,4,0,10,0,0,0,0,0
_Z11parse_paramPKcS0_S0_Ri,20500,37,41,0,37,9,96,7,4,0,10,0,0,0,0,0
_Z11parse_paramPKcS0_S0_Ri,41000,57,82,2,57,16,130,12,4,0,18,0,0,0,0,0
_Z11parse_paramPKcS0_S0_Ri,21000,37,42,0,37,9,96,7,4,0,11,0,0,0,0,0
_Z11parse_paramPKcS0_S0_Ri,21000,37,42,0,37,9,96,7,4,0,10,0,0,0,0,0
_Z11parse_paramPKcS0_S0_Ri,35500,57,71,2,57,18,128,12,4,0,17,0,0,0,0,0
_Z11parse_paramPKcS0_S0_Ri,32000,57,64,1,57,16,130,12,4,0,19,0,0,0,0,0
_Z11parse_paramPKcS0_S0_Ri,26000,36,52,1,36,9,94,7,4,0,10,0,0,0,0,0
_Z11parse_paramPKcS0_S0_Ri,260000,183,520,5,183,27,367,33,11,0,53,4,0,0,0,3
_ZN13SimParameters8setparamEPKcS1_,80500,250,161,0,250,62,513,68,8,0,39,0,0,0,0,0
_Z11parse_paramPKcS0_S0_Rd,20000,39,40,0,39,12,98,9,4,0,10,0,0,0,0,0
_Z11parse_paramPKcS0_S0_Rd,32500,57,65,1,57,16,130,12,4,0,19,0,0,0,0,0
_Z11parse_paramPKcS0_S0_Ri,21500,37,43,0,37,9,96,7,4,0,11,0,0,0,0,0
_Z11parse_paramPKcS0_S0_Rd,19000,37,38,0,37,9,96,7,4,0,10,0,0,0,0,0
_Z11parse_paramPKcS0_S0_Rd,21000,37,42,1,37,9,96,7,4,0,10,0,0,0,0,0
_Z11parse_paramPKcS0_S0_Ri,23500,37,47,1,37,9,96,7,4,0,11,0,0,0,0,0
_Z11parse_paramPKcS0_S0_Rd,37500,57,75,1,57,18,127,12,4,0,17,0,0,0,0,0
_Z11parse_paramPKcS0_S0_Rd,18500,37,37,0,37,9,96,7,4,0,9,0,0,0,0,0
_Z11parse_paramPKcS0_S0_Ri,22000,37,44,1,37,9,96,7,4,0,10,0,0,0,0,0
_Z11parse_paramPKcS0_S0_Ri,21500,37,43,0,37,9,96,7,4,0,11,0,0,0,0,0
_Z11parse_paramPKcS0_S0_Ri,22500,37,45,1,37,9,96,7,4,0,11,0,0,0,0,0
_Z11parse_paramPKcS0_S0_Ri,43500,57,87,2,57,16,129,12,4,0,20,0,0,0,0,0
_Z11parse_paramPKcS0_S0_Ri,21000,37,42,0,37,9,96,7,4,0,11,0,0,0,0,0
_Z11parse_paramPKcS0_S0_Ri,21000,37,42,0,37,9,96,7,4,0,10,0,0,0,0,0
_Z11parse_paramPKcS0_S0_Ri,35500,57,71,2,57,18,128,12,4,0,17,0,0,0,0,0
_Z11parse_paramPKcS0_S0_Ri,32000,57,64,1,57,16,130,12,4,0,19,0,0,0,0,0
_Z11parse_paramPKcS0_S0_Ri,21000,37,42,0,37,9,96,7,4,0,11,0,0,0,0,0
_Z11parse_paramPKcS0_S0_Ri,66500,69,133,4,69,27,144,12,4,0,20,0,0,0,0,0
_Z11parse_paramPKcS0_S0_Ri,198500,210,397,11,210,51,408,40,11,3,65,1,0,0,0,2
_ZN13SimParameters8setparamEPKcS1_,89500,259,179,0,259,67,529,72,8,0,38,0,0,0,0,0
_Z11parse_paramPKcS0_S0_Rd,20000,39,40,0,39,12,98,9,4,0,10,0,0,0,0,0
_Z11parse_paramPKcS0_S0_Rd,38000,57,76,2,57,16,130,12,4,0,19,0,0,0,0,0
_Z11parse_paramPKcS0_S0_Ri,21500,37,43,0,37,9,96,7,4,0,11,0,0,0,0,0
_Z11parse_paramPKcS0_S0_Rd,19000,37,38,0,37,9,96,7,4,0,10,0,0,0,0,0
_Z11parse_paramPKcS0_S0_Rd,20000,37,40,0,37,9,96,7,4,0,11,0,0,0,0,0
_Z11parse_paramPKcS0_S0_Ri,22000,37,44,1,37,9,96,7,4,0,11,0,0,0,0,0
_Z11parse_paramPKcS0_S0_Rd,37500,57,75,1,57,18,127,12,4,0,17,0,0,0,0,0
_Z11parse_paramPKcS0_S0_Rd,18500,37,37,0,37,9,96,7,4,0,9,0,0,0,0,0
_Z11parse_paramPKcS0_S0_Ri,22000,37,44,1,37,9,96,7,4,0,10,0,0,0,0,0
_Z11parse_paramPKcS0_S0_Ri,21500,37,43,0,37,9,96,7,4,0,11,0,0,0,0,0
_Z11parse_paramPKcS0_S0_Ri,20500,37,41,0,37,9,96,7,4,0,10,0,0,0,0,0
_Z11parse_paramPKcS0_S0_Ri,41000,57,82,2,57,16,130,12,4,0,18,0,0,0,0,0
_Z11parse_paramPKcS0_S0_Ri,21000,37,42,0,37,9,96,7,4,0,11,0,0,0,0,0
_Z11parse_paramPKcS0_S0_Ri,21000,37,42,0,37,9,96,7,4,0,10,0,0,0,0,0
_Z11parse_paramPKcS0_S0_Ri,35500,57,71,2,57,18,128,12,4,0,17,0,0,0,0,0
_Z11parse_paramPKcS0_S0_Ri,32000,57,64,1,57,16,130,12,4,0,19,0,0,0,0,0
_Z11parse_paramPKcS0_S0_Ri,21000,37,42,0,37,9,96,7,4,0,11,0,0,0,0,0
_Z11parse_paramPKcS0_S0_Ri,25500,36,51,1,36,9,94,7,4,0,11,0,0,0,0,0
_Z11parse_paramPKcS0_S0_Ri,21000,37,42,0,37,9,96,7,4,0,11,0,0,0,0,0
_Z11parse_paramPKcS0_S0_Ri,244000,183,488,5,183,27,367,33,11,0,52,4,0,0,0,3
_ZN13SimParameters8setparamEPKcS1_,89500,268,179,1,268,72,543,76,8,0,41,0,0,0,0,0
_Z11parse_paramPKcS0_S0_Rd,19500,39,39,0,39,12,98,9,4,0,10,0,0,0,0,0
_Z11parse_paramPKcS0_S0_Rd,32000,57,64,1,57,16,130,12,4,0,17,0,0,0,0,0
_Z11parse_paramPKcS0_S0_Ri,21500,37,43,0,37,9,96,7,4,0,11,0,0,0,0,0
_Z11parse_paramPKcS0_S0_Rd,19000,37,38,0,37,9,96,7,4,0,10,0,0,0,0,0
_Z11parse_paramPKcS0_S0_Rd,20000,37,40,0,37,9,96,7,4,0,11,0,0,0,0,0
_Z11parse_paramPKcS0_S0_Ri,22000,37,44,1,37,9,96,7,4,0,11,0,0,0,0,0
_Z11parse_paramPKcS0_S0_Rd,37500,57,75,1,57,18,127,12,4,0,17,0,0,0,0,0
_Z11parse_paramPKcS0_S0_Rd,18500,37,37,0,37,9,96,7,4,0,9,0,0,0,0,0
_Z11parse_paramPKcS0_S0_Ri,22000,37,44,1,37,9,96,7,4,0,10,0,0,0,0,0
_Z11parse_paramPKcS0_S0_Ri,21500,37,43,0,37,9,96,7,4,0,11,0,0,0,0,0
_Z11parse_paramPKcS0_S0_Ri,20500,37,41,0,37,9,96,7,4,0,10,0,0,0,0,0
_Z11parse_paramPKcS0_S0_Ri,41000,57,82,2,57,16,130,12,4,0,18,0,0,0,0,0
_Z11parse_paramPKcS0_S0_Ri,21000,37,42,0,37,9,96,7,4,0,11,0,0,0,0,0
_Z11parse_paramPKcS0_S0_Ri,21000,37,42,0,37,9,96,7,4,0,10,0,0,0,0,0
_Z11parse_paramPKcS0_S0_Ri,35500,57,71,2,57,18,128,12,4,0,17,0,0,0,0,0
_Z11parse_paramPKcS0_S0_Ri,32000,57,64,1,57,16,130,12,4,0,19,0,0,0,0,0
_Z11parse_paramPKcS0_S0_Ri,21000,37,42,0,37,9,96,7,4,0,11,0,0,0,0,0
_Z11parse_paramPKcS0_S0_Ri,21000,37,42,0,37,9,96,7,4,0,11,0,0,0,0,0
_Z11parse_paramPKcS0_S0_Ri,19000,37,38,0,37,9,96,7,4,0,10,0,0,0,0,0
_Z11parse_paramPKcS0_S0_Ri,20500,37,41,0,37,9,96,7,4,0,11,0,0,0,0,0
_Z11parse_paramPKcS0_S0_Ri,77000,150,154,2,150,9,317,28,11,0,43,2,0,0,0,1
_ZN13SimParameters8setparamEPKcS1_,97000,276,194,1,276,77,562,82,8,0,43,0,0,0,0,0
_Z11parse_paramPKcS0_S0_Rd,19500,39,39,0,39,12,98,9,4,0,10,0,0,0,0,0
_Z11parse_paramPKcS0_S0_Rd,32000,57,64,1,57,16,130,12,4,0,17,0,0,0,0,0
_Z11parse_paramPKcS0_S0_Ri,21500,37,43,0,37,9,96,7,4,0,11,0,0,0,0,0
_Z11parse_paramPKcS0_S0_Rd,19000,37,38,0,37,9,96,7,4,0,10,0,0,0,0,0
_Z11parse_paramPKcS0_S0_Rd,20000,37,40,0,37,9,96,7,4,0,11,0,0,0,0,0
_Z11parse_paramPKcS0_S0_Ri,22000,37,44,1,37,9,96,7,4,0,11,0,0,0,0,0
_Z11parse_paramPKcS0_S0_Rd,37500,57,75,1,57,18,127,12,4,0,17,0,0,0,0,0
_Z11parse_paramPKcS0_S0_Rd,18500,37,37,0,37,9,96,7,4,0,9,0,0,0,0,0
_Z11parse_paramPKcS0_S0_Ri,22000,37,44,1,37,9,96,7,4,0,10,0,0,0,0,0
_Z11parse_paramPKcS0_S0_Ri,21500,37,43,0,37,9,96,7,4,0,11,0,0,0,0,0
_Z11parse_paramPKcS0_S0_Ri,20500,37,41,0,37,9,96,7,4,0,10,0,0,0,0,0
_Z11parse_paramPKcS0_S0_Ri,41000,57,82,2,57,16,130,12,4,0,18,0,0,0,0,0
_Z11parse_paramPKcS0_S0_Ri,21000,37,42,0,37,9,96,7,4,0,11,0,0,0,0,0
_Z11parse_paramPKcS0_S0_Ri,21000,37,42,0,37,9,96,7,4,0,10,0,0,0,0,0
_Z11parse_paramPKcS0_S0_Ri,35500,57,71,2,57,18,128,12,4,0,17,0,0,0,0,0
_Z11parse_paramPKcS0_S0_Ri,32000,57,64,1,57,16,130,12,4,0,19,0,0,0,0,0
_Z11parse_paramPKcS0_S0_Ri,21000,37,42,0,37,9,96,7,4,0,11,0,0,0,0,0
_Z11parse_paramPKcS0_S0_Ri,21000,37,42,0,37,9,96,7,4,0,11,0,0,0,0,0
_Z11parse_paramPKcS0_S0_Ri,19000,37,38,0,37,9,96,7,4,0,10,0,0,0,0,0
_Z11parse_paramPKcS0_S0_Ri,20500,37,41,0,37,9,96,7,4,0,11,0,0,0,0,0
_Z11parse_paramPKcS0_S0_Ri,19000,37,38,0,37,9,96,7,4,0,10,0,0,0,0,0
_Z11parse_paramPKcS0_S0_Ri,245000,183,490,5,183,27,367,33,11,0,54,5,0,0,0,4
_ZN13SimParameters8setparamEPKcS1_,99000,285,198,1,285,82,577,86,8,0,42,0,0,0,0,0
_Z11parse_paramPKcS0_S0_Rd,20000,39,40,0,39,12,98,9,4,0,10,0,0,0,0,0
_Z11parse_paramPKcS0_S0_Rd,32500,57,65,1,57,16,130,12,4,0,19,0,0,0,0,0
_Z11parse_paramPKcS0_S0_Ri,21500,37,43,0,37,9,96,7,4,0,11,0,0,0,0,0
_Z11parse_paramPKcS0_S0_Rd,19000,37,38,0,37,9,96,7,4,0,10,0,0,0,0,0
_Z11parse_paramPKcS0_S0_Rd,20000,37,40,0,37,9,96,7,4,0,11,0,0,0,0,0
_Z11parse_paramPKcS0_S0_Ri,22000,37,44,1,37,9,96,7,4,0,11,0,0,0,0,0
_Z11parse_paramPKcS0_S0_Rd,37500,57,75,1,57,18,127,12,4,0,17,0,0,0,0,0
_Z11parse_paramPKcS0_S0_Rd,18500,37,37,0,37,9,96,7,4,0,9,0,0,0,0,0
_Z11parse_paramPKcS0_S0_Ri,22000,37,44,1,37,9,96,7,4,0,10,0,0,0,0,0
_Z11parse_paramPKcS0_S0_Ri,21500,37,43,0,37,9,96,7,4,0,11,0,0,0,0,0
_Z11parse_paramPKcS0_S0_Ri,20500,37,41,0,37,9,96,7,4,0,10,0,0,0,0,0
_Z11parse_paramPKcS0_S0_Ri,41000,57,82,2,57,16,130,12,4,0,18,0,0,0,0,0
_Z11parse_paramPKcS0_S0_Ri,21000,37,42,0,37,9,96,7,4,0,11,0,0,0,0,0
_Z11parse_paramPKcS0_S0_Ri,21000,37,42,0,37,9,96,7,4,0,10,0,0,0,0,0
_Z11parse_paramPKcS0_S0_Ri,35500,57,71,2,57,18,128,12,4,0,17,0,0,0,0,0
_Z11parse_paramPKcS0_S0_Ri,32000,57,64,1,57,16,130,12,4,0,19,0,0,0,0,0
_Z11parse_paramPKcS0_S0_Ri,21000,37,42,0,37,9,96,7,4,0,11,0,0,0,0,0
_Z11parse_paramPKcS0_S0_Ri,21000,37,42,0,37,9,96,7,4,0,11,0,0,0,0,0
_Z11parse_paramPKcS0_S0_Ri,19000,37,38,0,37,9,96,7,4,0,10,0,0,0,0,0
_Z11parse_paramPKcS0_S0_Ri,20500,37,41,0,37,9,96,7,4,0,11,0,0,0,0,0
_Z11parse_paramPKcS0_S0_Ri,19000,37,38,0,37,9,96,7,4,0,10,0,0,0,0,0
_Z11parse_paramPKcS0_S0_Ri,22500,37,45,1,37,9,96,7,4,0,11,0,0,0,0,0
_Z11parse_paramPKcS0_S0_Ri,86500,170,173,2,170,18,348,33,11,0,51,0,0,0,0,0
_ZN13SimParameters8setparamEPKcS1_,92000,292,184,0,292,82,584,84,8,0,39,0,0,0,0,0
_Z11parse_paramPKcS0_S0_Rd,20500,39,41,0,39,12,98,9,4,0,10,0,0,0,0,0
_Z11parse_paramPKcS0_S0_Rd,32500,57,65,1,57,16,130,12,4,0,19,0,0,0,0,0
_Z11parse_paramPKcS0_S0_Ri,21500,37,43,0,37,9,96,7,4,0,11,0,0,0,0,0
_Z11parse_paramPKcS0_S0_Rd,20000,37,40,1,37,9,96,7,4,0,9,0,0,0,0,0
_Z11parse_paramPKcS0_S0_Rd,21000,37,42,0,37,9,96,7,4,0,11,0,0,0,0,0
_Z11parse_paramPKcS0_S0_Ri,20000,37,40,0,37,9,96,7,4,0,10,0,0,0,0,0
_Z11parse_paramPKcS0_S0_Rd,36000,57,72,1,57,18,128,12,4,0,17,0,0,0,0,0
_Z11parse_paramPKcS0_S0_Rd,19500,37,39,0,37,9,96,7,4,0,11,0,0,0,0,0
_Z11parse_paramPKcS0_S0_Ri,21000,37,42,0,37,9,96,7,4,0,11,0,0,0,0,0
_Z11parse_paramPKcS0_S0_Ri,19500,37,39,0,37,9,96,7,4,0,10,0,0,0,0,0
_Z11parse_paramPKcS0_S0_Ri,20500,37,41,0,37,9,96,7,4,0,10,0,0,0,0,0
_Z11parse_paramPKcS0_S0_Ri,41000,57,82,2,57,16,130,12,4,0,18,0,0,0,0,0
_Z11parse_paramPKcS0_S0_Ri,21000,37,42,0,37,9,96,7,4,0,11,0,0,0,0,0
_Z11parse_paramPKcS0_S0_Ri,21000,37,42,0,37,9,96,7,4,0,10,0,0,0,0,0
_Z11parse_paramPKcS0_S0_Ri,35500,57,71,2,57,18,128,12,4,0,17,0,0,0,0,0
_Z11parse_paramPKcS0_S0_Ri,32000,57,64,1,57,16,130,12,4,0,19,0,0,0,0,0
_Z11parse_paramPKcS0_S0_Ri,21000,37,42,0,37,9,96,7,4,0,11,0,0,0,0,0
_Z11parse_paramPKcS0_S0_Ri,21000,37,42,0,37,9,96,7,4,0,11,0,0,0,0,0
_Z11parse_paramPKcS0_S0_Ri,19000,37,38,0,37,9,96,7,4,0,10,0,0,0,0,0
_Z11parse_paramPKcS0_S0_Ri,20500,37,41,0,37,9,96,7,4,0,11,0,0,0,0,0
_Z11parse_paramPKcS0_S0_Ri,19000,37,38,0,37,9,96,7,4,0,10,0,0,0,0,0
_Z11parse_paramPKcS0_S0_Ri,22500,37,45,1,37,9,96,7,4,0,11,0,0,0,0,0
_Z11parse_paramPKcS0_S0_Ri,29500,57,59,1,57,18,127,12,4,1,16,0,0,0,0,1
_Z11parse_paramPKcS0_S0_Ri,130500,191,261,6,191,42,381,39,11,2,65,1,1,0,0,1
_ZN13SimParameters8setparamEPKcS1_,129500,303,259,4,303,82,625,92,8,0,43,0,0,0,0,0
_Z11parse_paramPKcS0_S0_Rd,20000,39,40,0,39,12,98,9,4,0,10,0,0,0,0,0
_Z11parse_paramPKcS0_S0_Rd,32500,57,65,1,57,16,130,12,4,0,19,0,0,0,0,0
_Z11parse_paramPKcS0_S0_Ri,21500,37,43,0,37,9,96,7,4,0,11,0,0,0,0,0
_Z11parse_paramPKcS0_S0_Rd,19000,37,38,0,37,9,96,7,4,0,10,0,0,0,0,0
_Z11parse_paramPKcS0_S0_Rd,20000,37,40,0,37,9,96,7,4,0,11,0,0,0,0,0
_Z11parse_paramPKcS0_S0_Ri,22000,37,44,1,37,9,96,7,4,0,11,0,0,0,0,0
_Z11parse_paramPKcS0_S0_Rd,37500,57,75,1,57,18,127,12,4,0,17,0,0,0,0,0
_Z11parse_paramPKcS0_S0_Rd,18500,37,37,0,37,9,96,7,4,0,9,0,0,0,0,0
_Z11parse_paramPKcS0_S0_Ri,21000,37,42,0,37,9,96,7,4,0,11,0,0,0,0,0
_Z11parse_paramPKcS0_S0_Ri,19500,37,39,0,37,9,96,7,4,0,10,0,0,0,0,0
_Z11parse_paramPKcS0_S0_Ri,20500,37,41,0,37,9,96,7,4,0,10,0,0,0,0,0
_Z11parse_paramPKcS0_S0_Ri,41000,57,82,2,57,16,130,12,4,0,18,0,0,0,0,0
_Z11parse_paramPKcS0_S0_Ri,21000,37,42,0,37,9,96,7,4,0,11,0,0,0,0,0
_Z11parse_paramPKcS0_S0_Ri,21000,37,42,0,37,9,96,7,4,0,10,0,0,0,0,0
_Z11parse_paramPKcS0_S0_Ri,35500,57,71,2,57,18,128,12,4,0,17,0,0,0,0,0
_Z11parse_paramPKcS0_S0_Ri,32000,57,64,1,57,16,130,12,4,0,19,0,0,0,0,0
_Z11parse_paramPKcS0_S0_Ri,21000,37,42,0,37,9,96,7,4,0,11,0,0,0,0,0
_Z11parse_paramPKcS0_S0_Ri,21000,37,42,0,37,9,96,7,4,0,11,0,0,0,0,0
_Z11parse_paramPKcS0_S0_Ri,19000,37,38,0,37,9,96,7,4,0,10,0,0,0,0,0
_Z11parse_paramPKcS0_S0_Ri,20500,37,41,0,37,9,96,7,4,0,11,0,0,0,0,0
_Z11parse_paramPKcS0_S0_Ri,19000,37,38,0,37,9,96,7,4,0,10,0,0,0,0,0
_Z11parse_paramPKcS0_S0_Ri,20500,37,41,0,37,9,96,7,4,0,10,0,0,0,0,0
_Z11parse_paramPKcS0_S0_Ri,26000,57,52,0,57,18,128,12,4,0,13,0,0,0,0,0
_Z11parse_paramPKcS0_S0_Ri,32000,57,64,1,57,16,129,12,4,0,19,0,0,0,0,0
_Z11parse_paramPKcS0_S0_Ri,84500,150,169,3,150,9,316,28,11,0,46,0,0,0,0,0
_ZN13SimParameters8setparamEPKcS1_,98000,308,196,1,308,87,611,88,8,0,42,0,0,0,0,0
_Z11parse_paramPKcS0_S0_Rd,19000,39,38,0,39,12,98,9,4,0,9,0,0,0,0,0
_Z11parse_paramPKcS0_S0_Rd,33500,57,67,2,57,16,130,12,4,0,18,0,0,0,0,0
_Z11parse_paramPKcS0_S0_Ri,21500,37,43,0,37,9,96,7,4,0,11,0,0,0,0,0
_Z11parse_paramPKcS0_S0_Rd,19000,37,38,0,37,9,96,7,4,0,10,0,0,0,0,0
_Z11parse_paramPKcS0_S0_Rd,20000,37,40,0,37,9,96,7,4,0,11,0,0,0,0,0
_Z11parse_paramPKcS0_S0_Ri,22000,37,44,1,37,9,96,7,4,0,11,0,0,0,0,0
_Z11parse_paramPKcS0_S0_Rd,37500,57,75,1,57,18,127,12,4,0,17,0,0,0,0,0
_Z11parse_paramPKcS0_S0_Rd,18500,37,37,0,37,9,96,7,4,0,9,0,0,0,0,0
_Z11parse_paramPKcS0_S0_Ri,21000,37,42,0,37,9,96,7,4,0,11,0,0,0,0,0
_Z11parse_paramPKcS0_S0_Ri,19500,37,39,0,37,9,96,7,4,0,10,0,0,0,0,0
_Z11parse_paramPKcS0_S0_Ri,20500,37,41,0,37,9,96,7,4,0,10,0,0,0,0,0
_Z11parse_paramPKcS0_S0_Ri,41000,57,82,2,57,16,130,12,4,0,18,0,0,0,0,0
_Z11parse_paramPKcS0_S0_Ri,21000,37,42,0,37,9,96,7,4,0,11,0,0,0,0,0
_Z11parse_paramPKcS0_S0_Ri,21000,37,42,0,37,9,96,7,4,0,10,0,0,0,0,0
_Z11parse_paramPKcS0_S0_Ri,35500,57,71,2,57,18,128,12,4,0,17,0,0,0,0,0
_Z11parse_paramPKcS0_S0_Ri,32000,57,64,1,57,16,130,12,4,0,19,0,0,0,0,0
_Z11parse_paramPKcS0_S0_Ri,21000,37,42,0,37,9,96,7,4,0,11,0,0,0,0,0
_Z11parse_paramPKcS0_S0_Ri,21000,37,42,0,37,9,96,7,4,0,11,0,0,0,0,0
_Z11parse_paramPKcS0_S0_Ri,19000,37,38,0,37,9,96,7,4,0,10,0,0,0,0,0
_Z11parse_paramPKcS0_S0_Ri,20500,37,41,0,37,9,96,7,4,0,11,0,0,0,0,0
_Z11parse_paramPKcS0_S0_Ri,19000,37,38,0,37,9,96,7,4,0,10,0,0,0,0,0
_Z11parse_paramPKcS0_S0_Ri,20500,37,41,0,37,9,96,7,4,0,10,0,0,0,0,0
_Z11parse_paramPKcS0_S0_Ri,26000,57,52,0,57,18,128,12,4,0,13,0,0,0,0,0
_Z11parse_paramPKcS0_S0_Ri,32500,57,65,1,57,16,129,12,4,0,19,0,0,0,0,0
_Z11parse_paramPKcS0_S0_Ri,21000,37,42,0,37,9,96,7,4,0,10,0,0,0,0,0
_Z11parse_paramPKcS0_S0_Rd,1280000,788,2560,41,788,30,1554,145,88,1,240,18,0,0,3,13
_ZN13SimParameters8setparamEPKcS1_,99500,317,199,0,317,92,626,92,8,0,44,0,0,0,0,0
_Z11parse_paramPKcS0_S0_Rd,32000,39,64,1,39,12,98,9,4,0,11,0,0,0,0,0
_Z11parse_paramPKcS0_S0_Rd,32000,57,64,1,57,16,130,12,4,0,20,0,0,0,0,0
_Z11parse_paramPKcS0_S0_Ri,21500,37,43,0,37,9,96,7,4,0,11,0,0,0,0,0
_Z11parse_paramPKcS0_S0_Rd,19000,37,38,0,37,9,96,7,4,0,10,0,0,0,0,0
_Z11parse_paramPKcS0_S0_Rd,21000,37,42,1,37,9,96,7,4,0,10,0,0,0,0,0
_Z11parse_paramPKcS0_S0_Ri,23500,37,47,1,37,9,96,7,4,0,11,0,0,0,0,0
_Z11parse_paramPKcS0_S0_Rd,37500,57,75,1,57,18,127,12,4,0,17,0,0,0,0,0
_Z11parse_paramPKcS0_S0_Rd,18500,37,37,0,37,9,96,7,4,0,8,0,0,0,0,0
_Z11parse_paramPKcS0_S0_Ri,22500,37,45,1,37,9,96,7,4,0,10,0,0,0,0,0
_Z11parse_paramPKcS0_S0_Ri,21500,37,43,0,37,9,96,7,4,0,11,0,0,0,0,0
_Z11parse_paramPKcS0_S0_Ri,22500,37,45,1,37,9,96,7,4,0,11,0,0,0,0,0
_Z11parse_paramPKcS0_S0_Ri,43500,57,87,2,57,16,129,12,4,0,20,0,0,0,0,0
_Z11parse_paramPKcS0_S0_Ri,21000,37,42,0,37,9,96,7,4,0,11,0,0,0,0,0
_Z11parse_paramPKcS0_S0_Ri,21000,37,42,0,37,9,96,7,4,0,10,0,0,0,0,0
_Z11parse_paramPKcS0_S0_Ri,35500,57,71,2,57,18,128,12,4,0,17,0,0,0,0,0
_Z11parse_paramPKcS0_S0_Ri,32000,57,64,1,57,16,130,12,4,0,19,0,0,0,0,0
_Z11parse_paramPKcS0_S0_Ri,21000,37,42,0,37,9,96,7,4,0,11,0,0,0,0,0
_Z11parse_paramPKcS0_S0_Ri,21000,37,42,0,37,9,96,7,4,0,11,0,0,0,0,0
_Z11parse_paramPKcS0_S0_Ri,19000,37,38,0,37,9,96,7,4,0,10,0,0,0,0,0
_Z11parse_paramPKcS0_S0_Ri,20500,37,41,0,37,9,96,7,4,0,11,0,0,0,0,0
_Z11parse_paramPKcS0_S0_Ri,20500,37,41,0,37,9,96,7,4,0,11,0,0,0,0,0
_Z11parse_paramPKcS0_S0_Ri,20500,37,41,0,37,9,96,7,4,0,10,0,0,0,0,0
_Z11parse_paramPKcS0_S0_Ri,26000,57,52,0,57,18,128,12,4,0,13,0,0,0,0,0
_Z11parse_paramPKcS0_S0_Ri,32500,57,65,1,57,16,129,12,4,0,19,0,0,0,0,0
_Z11parse_paramPKcS0_S0_Ri,21000,37,42,0,37,9,96,7,4,0,10,0,0,0,0,0
_Z11parse_paramPKcS0_S0_Rd,21000,37,42,0,37,9,96,7,4,0,11,0,0,0,0,0
_Z11parse_paramPKcS0_S0_Rd,583000,865,1166,37,865,46,1689,159,83,0,240,1,0,0,0,0
_ZN13SimParameters8setparamEPKcS1_,105500,326,211,0,326,97,642,96,8,0,42,0,0,0,0,0
_Z11parse_paramPKcS0_S0_Rd,20000,39,40,0,39,12,98,9,4,0,10,0,0,0,0,0
_Z11parse_paramPKcS0_S0_Rd,32500,57,65,1,57,16,130,12,4,0,19,0,0,0,0,0
_Z11parse_paramPKcS0_S0_Ri,21500,37,43,0,37,9,96,7,4,0,11,0,0,0,0,0
_Z11parse_paramPKcS0_S0_Rd,19000,37,38,0,37,9,96,7,4,0,10,0,0,0,0,0
_Z11parse_paramPKcS0_S0_Rd,20000,37,40,0,37,9,96,7,4,0,11,0,0,0,0,0
_Z11parse_paramPKcS0_S0_Ri,22000,37,44,1,37,9,96,7,4,0,11,0,0,0,0,0
_Z11parse_paramPKcS0_S0_Rd,37500,57,75,1,57,18,127,12,4,0,17,0,0,0,0,0
_Z11parse_paramPKcS0_S0_Rd,18500,37,37,0,37,9,96,7,4,0,9,0,0,0,0,0
_Z11parse_paramPKcS0_S0_Ri,22000,37,44,1,37,9,96,7,4,0,10,0,0,0,0,0
_Z11parse_paramPKcS0_S0_Ri,21500,37,43,0,37,9,96,7,4,0,11,0,0,0,0,0
_Z11parse_paramPKcS0_S0_Ri,20500,37,41,0,37,9,96,7,4,0,10,0,0,0,0,0
_Z11parse_paramPKcS0_S0_Ri,41000,57,82,2,57,16,130,12,4,0,18,0,0,0,0,0
_Z11parse_paramPKcS0_S0_Ri,21000,37,42,0,37,9,96,7,4,0,11,0,0,0,0,0
_Z11parse_paramPKcS0_S0_Ri,23000,37,46,1,37,9,96,7,4,0,11,0,0,0,0,0
_Z11parse_paramPKcS0_S0_Ri,37000,57,74,2,57,18,127,12,4,0,19,0,0,0,0,0
_Z11parse_paramPKcS0_S0_Ri,32000,57,64,1,57,16,130,12,4,0,19,0,0,0,0,0
_Z11parse_paramPKcS0_S0_Ri,21000,37,42,0,37,9,96,7,4,0,11,0,0,0,0,0
_Z11parse_paramPKcS0_S0_Ri,21000,37,42,0,37,9,96,7,4,0,11,0,0,0,0,0
_Z11parse_paramPKcS0_S0_Ri,19000,37,38,0,37,9,96,7,4,0,10,0,0,0,0,0
_Z11parse_paramPKcS0_S0_Ri,20500,37,41,0,37,9,96,7,4,0,11,0,0,0,0,0
_Z11parse_paramPKcS0_S0_Ri,19000,37,38,0,37,9,96,7,4,0,10,0,0,0,0,0
_Z11parse_paramPKcS0_S0_Ri,20500,37,41,0,37,9,96,7,4,0,10,0,0,0,0,0
_Z11parse_paramPKcS0_S0_Ri,26000,57,52,0,57,18,128,12,4,0,13,0,0,0,0,0
_Z11parse_paramPKcS0_S0_Ri,32500,57,65,1,57,16,129,12,4,0,19,0,0,0,0,0
_Z11parse_paramPKcS0_S0_Ri,21000,37,42,0,37,9,96,7,4,0,10,0,0,0,0,0
_Z11parse_paramPKcS0_S0_Rd,21000,37,42,0,37,9,96,7,4,0,11,0,0,0,0,0
_Z11parse_paramPKcS0_S0_Rd,19500,37,39,0,37,9,96,7,4,0,11,0,0,0,0,0
_Z11parse_paramPKcS0_S0_Ri,90500,150,181,4,150,9,316,28,11,0,46,1,0,0,0,1
_ZN13SimParameters8setparamEPKcS1_,105500,335,211,0,335,102,657,100,8,0,40,0,0,0,0,0
_Z11parse_paramPKcS0_S0_Rd,20000,39,40,0,39,12,98,9,4,0,10,0,0,0,0,0
_Z11parse_paramPKcS0_S0_Rd,32500,57,65,1,57,16,130,12,4,0,19,0,0,0,0,0
_Z11parse_paramPKcS0_S0_Ri,21500,37,43,0,37,9,96,7,4,0,11,0,0,0,0,0
_Z11parse_paramPKcS0_S0_Rd,19000,37,38,0,37,9,96,7,4,0,10,0,0,0,0,0
_Z11parse_paramPKcS0_S0_Rd,20000,37,40,0,37,9,96,7,4,0,11,0,0,0,0,0
_Z11parse_paramPKcS0_S0_Ri,22000,37,44,1,37,9,96,7,4,0,11,0,0,0,0,0
_Z11parse_paramPKcS0_S0_Rd,37500,57,75,1,57,18,127,12,4,0,17,0,0,0,0,0
_Z11parse_paramPKcS0_S0_Rd,18500,37,37,0,37,9,96,7,4,0,9,0,0,0,0,0
_Z11parse_paramPKcS0_S0_Ri,22000,37,44,1,37,9,96,7,4,0,10,0,0,0,0,0
_Z11parse_paramPKcS0_S0_Ri,21500,37,43,0,37,9,96,7,4,0,11,0,0,0,0,0
_Z11parse_paramPKcS0_S0_Ri,20500,37,41,0,37,9,96,7,4,0,10,0,0,0,0,0
_Z11parse_paramPKcS0_S0_Ri,41000,57,82,2,57,16,130,12,4,0,18,0,0,0,0,0
_Z11parse_paramPKcS0_S0_Ri,21000,37,42,0,37,9,96,7,4,0,11,0,0,0,0,0
_Z11parse_paramPKcS0_S0_Ri,23000,37,46,1,37,9,96,7,4,0,11,0,0,0,0,0
_Z11parse_paramPKcS0_S0_Ri,37000,57,74,2,57,18,127,12,4,0,19,0,0,0,0,0
_Z11parse_paramPKcS0_S0_Ri,32000,57,64,1,57,16,130,12,4,0,19,0,0,0,0,0
_Z11parse_paramPKcS0_S0_Ri,21000,37,42,0,37,9,96,7,4,0,11,0,0,0,0,0
_Z11parse_paramPKcS0_S0_Ri,21000,37,42,0,37,9,96,7,4,0,11,0,0,0,0,0
_Z11parse_paramPKcS0_S0_Ri,19000,37,38,0,37,9,96,7,4,0,10,0,0,0,0,0
_Z11parse_paramPKcS0_S0_Ri,20500,37,41,0,37,9,96,7,4,0,11,0,0,0,0,0
_Z11parse_paramPKcS0_S0_Ri,19000,37,38,0,37,9,96,7,4,0,10,0,0,0,0,0
_Z11parse_paramPKcS0_S0_Ri,20500,37,41,0,37,9,96,7,4,0,10,0,0,0,0,0
_Z11parse_paramPKcS0_S0_Ri,26000,57,52,0,57,18,128,12,4,0,13,0,0,0,0,0
_Z11parse_paramPKcS0_S0_Ri,32500,57,65,1,57,16,129,12,4,0,19,0,0,0,0,0
_Z11parse_paramPKcS0_S0_Ri,21000,37,42,0,37,9,96,7,4,0,10,0,0,0,0,0
_Z11parse_paramPKcS0_S0_Rd,21000,37,42,0,37,9,96,7,4,0,11,0,0,0,0,0
_Z11parse_paramPKcS0_S0_Rd,19500,37,39,0,37,9,96,7,4,0,11,0,0,0,0,0
_Z11parse_paramPKcS0_S0_Ri,23000,37,46,1,37,9,96,7,4,0,11,0,0,0,0,0
_Z11parse_paramPKcS0_S0_Rd,428000,732,856,26,732,59,1389,151,81,0,184,0,0,0,0,0
_ZN13SimParameters8setparamEPKcS1_,107000,342,214,0,342,102,670,100,8,0,40,0,0,0,0,0
_Z11parse_paramPKcS0_S0_Rd,20000,39,40,0,39,12,98,9,4,0,10,0,0,0,0,0
_Z11parse_paramPKcS0_S0_Rd,32500,57,65,1,57,16,130,12,4,0,19,0,0,0,0,0
_Z11parse_paramPKcS0_S0_Ri,21500,37,43,0,37,9,96,7,4,0,11,0,0,0,0,0
_Z11parse_paramPKcS0_S0_Rd,19000,37,38,0,37,9,96,7,4,0,10,0,0,0,0,0
_Z11parse_paramPKcS0_S0_Rd,20000,37,40,0,37,9,96,7,4,0,11,0,0,0,0,0
_Z11parse_paramPKcS0_S0_Ri,20000,37,40,0,37,9,96,7,4,0,10,0,0,0,0,0
_Z11parse_paramPKcS0_S0_Rd,37000,57,74,2,57,18,127,12,4,0,20,0,0,0,0,0
_Z11parse_paramPKcS0_S0_Rd,19000,37,38,0,37,9,96,7,4,0,10,0,0,0,0,0
_Z11parse_paramPKcS0_S0_Ri,21000,37,42,0,37,9,96,7,4,0,11,0,0,0,0,0
_Z11parse_paramPKcS0_S0_Ri,19500,37,39,0,37,9,96,7,4,0,10,0,0,0,0,0
_Z11parse_paramPKcS0_S0_Ri,20500,37,41,0,37,9,96,7,4,0,10,0,0,0,0,0
_Z11parse_paramPKcS0_S0_Ri,41000,57,82,2,57,16,130,12,4,0,18,0,0,0,0,0
_Z11parse_paramPKcS0_S0_Ri,21000,37,42,0,37,9,96,7,4,0,11,0,0,0,0,0
_Z11parse_paramPKcS0_S0_Ri,21000,37,42,0,37,9,96,7,4,0,10,0,0,0,0,0
_Z11parse_paramPKcS0_S0_Ri,35500,57,71,2,57,18,128,12,4,0,17,0,0,0,0,0
_Z11parse_paramPKcS0_S0_Ri,32000,57,64,1,57,16,130,12,4,0,19,0,0,0,0,0
_Z11parse_paramPKcS0_S0_Ri,21000,37,42,0,37,9,96,7,4,0,11,0,0,0,0,0
_Z11parse_paramPKcS0_S0_Ri,21000,37,42,0,37,9,96,7,4,0,11,0,0,0,0,0
_Z11parse_paramPKcS0_S0_Ri,19000,37,38,0,37,9,96,7,4,0,10,0,0,0,0,0
_Z11parse_paramPKcS0_S0_Ri,20500,37,41,0,37,9,96,7,4,0,11,0,0,0,0,0
_Z11parse_paramPKcS0_S0_Ri,19000,37,38,0,37,9,96,7,4,0,10,0,0,0,0,0
_Z11parse_paramPKcS0_S0_Ri,20500,37,41,0,37,9,96,7,4,0,10,0,0,0,0,0
_Z11parse_paramPKcS0_S0_Ri,26000,57,52,0,57,18,128,12,4,0,13,0,0,0,0,0
_Z11parse_paramPKcS0_S0_Ri,32500,57,65,1,57,16,129,12,4,0,19,0,0,0,0,0
_Z11parse_paramPKcS0_S0_Ri,21000,37,42,0,37,9,96,7,4,0,10,0,0,0,0,0
_Z11parse_paramPKcS0_S0_Rd,21000,37,42,0,37,9,96,7,4,0,11,0,0,0,0,0
_Z11parse_paramPKcS0_S0_Rd,19500,37,39,0,37,9,96,7,4,0,11,0,0,0,0,0
_Z11parse_paramPKcS0_S0_Ri,21000,37,42,0,37,9,96,7,4,0,10,0,0,0,0,0
_Z11parse_paramPKcS0_S0_Rd,41500,57,83,2,57,16,130,12,4,0,18,0,0,0,0,0
_Z11parse_paramPKcS0_S0_Ri,87000,150,174,3,150,9,317,28,11,0,47,0,0,0,0,0
_ZN13SimParameters8setparamEPKcS1_,101500,351,203,0,351,107,683,104,8,0,43,0,0,0,0,0
_Z11parse_paramPKcS0_S0_Rd,21000,39,42,0,39,12,98,9,4,0,10,0,0,0,0,0
_Z11parse_paramPKcS0_S0_Rd,32000,57,64,1,57,16,130,12,4,0,17,0,0,0,0,0
_Z11parse_paramPKcS0_S0_Ri,21500,37,43,0,37,9,96,7,4,0,11,0,0,0,0,0
_Z11parse_paramPKcS0_S0_Rd,19000,37,38,0,37,9,96,7,4,0,10,0,0,0,0,0
_Z11parse_paramPKcS0_S0_Rd,20000,37,40,0,37,9,96,7,4,0,11,0,0,0,0,0
_Z11parse_paramPKcS0_S0_Ri,20000,37,40,0,37,9,96,7,4,0,10,0,0,0,0,0
_Z11parse_paramPKcS0_S0_Rd,36500,57,73,2,57,18,128,12,4,0,20,0,0,0,0,0
_Z11parse_paramPKcS0_S0_Rd,19000,37,38,0,37,9,96,7,4,0,10,0,0,0,0,0
_Z11parse_paramPKcS0_S0_Ri,21000,37,42,0,37,9,96,7,4,0,11,0,0,0,0,0
_Z11parse_paramPKcS0_S0_Ri,19500,37,39,0,37,9,96,7,4,0,10,0,0,0,0,0
_Z11parse_paramPKcS0_S0_Ri,20500,37,41,0,37,9,96,7,4,0,10,0,0,0,0,0
_Z11parse_paramPKcS0_S0_Ri,41000,57,82,2,57,16,130,12,4,0,18,0,0,0,0,0
_Z11parse_paramPKcS0_S0_Ri,21000,37,42,0,37,9,96,7,4,0,11,0,0,0,0,0
_Z11parse_paramPKcS0_S0_Ri,21000,37,42,0,37,9,96,7,4,0,10,0,0,0,0,0
_Z11parse_paramPKcS0_S0_Ri,35500,57,71,2,57,18,128,12,4,0,17,0,0,0,0,0
_Z11parse_paramPKcS0_S0_Ri,32000,57,64,1,57,16,130,12,4,0,19,0,0,0,0,0
_Z11parse_paramPKcS0_S0_Ri,21000,37,42,0,37,9,96,7,4,0,11,0,0,0,0,0
_Z11parse_paramPKcS0_S0_Ri,21000,37,42,0,37,9,96,7,4,0,11,0,0,0,0,0
_Z11parse_paramPKcS0_S0_Ri,19000,37,38,0,37,9,96,7,4,0,10,0,0,0,0,0
_Z11parse_paramPKcS0_S0_Ri,20500,37,41,0,37,9,96,7,4,0,11,0,0,0,0,0
_Z11parse_paramPKcS0_S0_Ri,19000,37,38,0,37,9,96,7,4,0,10,0,0,0,0,0
_Z11parse_paramPKcS0_S0_Ri,20500,37,41,0,37,9,96,7,4,0,10,0,0,0,0,0
_Z11parse_paramPKcS0_S0_Ri,26000,57,52,0,57,18,128,12,4,0,13,0,0,0,0,0
_Z11parse_paramPKcS0_S0_Ri,32500,57,65,1,57,16,129,12,4,0,19,0,0,0,0,0
_Z11parse_paramPKcS0_S0_Ri,21000,37,42,0,37,9,96,7,4,0,10,0,0,0,0,0
_Z11parse_paramPKcS0_S0_Rd,21000,37,42,0,37,9,96,7,4,0,11,0,0,0,0,0
_Z11parse_paramPKcS0_S0_Rd,19500,37,39,0,37,9,96,7,4,0,11,0,0,0,0,0
_Z11parse_paramPKcS0_S0_Ri,21000,37,42,0,37,9,96,7,4,0,10,0,0,0,0,0
_Z11parse_paramPKcS0_S0_Rd,41500,57,83,2,57,16,130,12,4,0,18,0,0,0,0,0
_Z11parse_paramPKcS0_S0_Ri,21500,38,43,0,38,9,96,7,4,0,11,0,0,0,0,0
_Z11parse_paramPKcS0_S0_Ri,73500,150,147,1,150,10,319,28,11,0,43,0,0,0,0,0
_ZN13SimParameters8setparamEPKcS1_,131000,360,262,3,360,111,716,114,8,0,50,0,0,0,0,0
_ZN13SimParameters8readfileEP8_IO_FILE,20775000,18470,41550,602,18470,1285,52319,5314,7313,72,10388,107,11,0,12,112
_ZN7LJTable8readfileEP8_IO_FILE,7487224500,18650249,14974449,75012,18650249,428449,35205485,4094625,2380748,4340,4364172,141,23,3442,238,3620
_ZN8MoleculeC1Ev,459500,483,919,9,483,0,813,78,90,9,87,8,0,0,0,7
_ZN8Molecule8readfileEP8_IO_FILE,229134251000,616584209,458268502,808584,616584209,9515438,1168588210,142399601,95502789,41573,148161198,182,2,16895,13,40465
_ZN20ComputeNonbondedUtil6selectEP13SimParametersP8MoleculeP7LJTable,710346500,801344,1420693,106,801344,848120,633498,156950,82923,18764,54614,119,6,181503,34,6221
_ZN9PatchListC1ER7Lattice,221000,299,442,6,299,0,559,40,31,2,91,6,0,0,3,2
_ZN5PatchC1Ev,2500,7,5,0,7,0,16,0,3,1,2,0,0,0,0,1
_ZN5PatchC1Ev,2500,6,5,0,6,0,15,0,2,1,2,0,0,0,0,1
_ZN5PatchC1Ev,2500,6,5,0,6,0,15,0,3,1,2,0,0,0,0,0
_ZN5PatchC1Ev,71000,6,142,0,6,0,14,0,2,0,1,0,0,0,0,0
_ZN5PatchC1Ev,71500,5,143,0,5,0,13,0,2,0,1,0,0,0,0,0
_ZN5PatchC1Ev,71000,6,142,0,6,0,15,0,2,0,1,0,0,0,0,0
_ZN5PatchC1Ev,2500,6,5,0,6,0,15,0,2,0,2,0,0,0,0,0
_ZN5PatchC1Ev,2500,6,5,0,6,0,15,0,2,0,2,0,0,0,0,0
_ZN5PatchC1Ev,2500,7,5,0,7,0,16,0,3,1,2,0,0,0,0,1
_ZN5PatchC1Ev,2500,6,5,0,6,0,15,0,2,1,2,0,0,0,0,1
_ZN5PatchC1Ev,2500,6,5,0,6,0,15,0,3,1,2,0,0,0,0,0
_ZN5PatchC1Ev,204000,6,408,0,6,0,14,0,2,0,1,0,0,0,0,0
_ZN5PatchC1Ev,71500,5,143,0,5,0,13,0,2,0,1,0,0,0,0,0
_ZN5PatchC1Ev,71000,6,142,0,6,0,15,0,2,0,1,0,0,0,0,0
_ZN5PatchC1Ev,2500,6,5,0,6,0,15,0,2,0,2,0,0,0,0,0
_ZN5PatchC1Ev,2500,6,5,0,6,0,15,0,2,0,2,0,0,0,0,0
_ZN5PatchC1Ev,2500,7,5,0,7,0,16,0,3,1,2,0,0,0,0,1
_ZN5PatchC1Ev,2500,6,5,0,6,0,15,0,2,1,2,0,0,0,0,1
_ZN5PatchC1Ev,2500,6,5,0,6,0,15,0,3,1,2,0,0,0,0,0
_ZN5PatchC1Ev,71000,6,142,0,6,0,14,0,2,0,1,0,0,0,0,0
_ZN5PatchC1Ev,71500,5,143,0,5,0,13,0,2,0,1,0,0,0,0,0
_ZN5PatchC1Ev,71000,6,142,0,6,0,15,0,2,0,1,0,0,0,0,0
_ZN5PatchC1Ev,2500,6,5,0,6,0,15,0,2,0,2,0,0,0,0,0
_ZN5PatchC1Ev,2500,6,5,0,6,0,15,0,2,0,2,0,0,0,0,0
_ZN5PatchC1Ev,2500,7,5,0,7,0,16,0,3,1,2,0,0,0,0,1
_ZN5PatchC1Ev,2500,6,5,0,6,0,15,0,2,1,2,0,0,0,0,1
_ZN5PatchC1Ev,2500,6,5,0,6,0,15,0,3,1,2,0,0,0,0,0
_ZN5PatchC1Ev,71000,6,142,0,6,0,14,0,2,0,1,0,0,0,0,0
_ZN5PatchC1Ev,71500,5,143,0,5,0,13,0,2,0,1,0,0,0,0,0
_ZN5PatchC1Ev,201000,6,402,0,6,0,15,0,2,0,1,0,0,0,0,0
_ZN5PatchC1Ev,2500,6,5,0,6,0,15,0,2,0,2,0,0,0,0,0
_ZN5PatchC1Ev,2500,6,5,0,6,0,15,0,2,0,2,0,0,0,0,0
_ZN5PatchC1Ev,2500,7,5,0,7,0,16,0,3,1,2,0,0,0,0,1
_ZN5PatchC1Ev,2500,6,5,0,6,0,15,0,2,1,2,0,0,0,0,1
_ZN5PatchC1Ev,2500,6,5,0,6,0,15,0,3,1,2,0,0,0,0,0
_ZN5PatchC1Ev,71000,6,142,0,6,0,14,0,2,0,1,0,0,0,0,0
_ZN5PatchC1Ev,71500,5,143,0,5,0,13,0,2,0,1,0,0,0,0,0
_ZN5PatchC1Ev,71000,6,142,0,6,0,15,0,2,0,1,0,0,0,0,0
_ZN5PatchC1Ev,2500,6,5,0,6,0,15,0,2,0,2,0,0,0,0,0
_ZN5PatchC1Ev,2500,6,5,0,6,0,15,0,2,0,2,0,0,0,0,0
_ZN5PatchC1Ev,2500,7,5,0,7,0,16,0,3,1,2,0,0,0,0,1
_ZN5PatchC1Ev,2500,6,5,0,6,0,15,0,2,1,2,0,0,0,0,1
_ZN5PatchC1Ev,2500,6,5,0,6,0,15,0,3,1,2,0,0,0,0,0
_ZN5PatchC1Ev,71000,6,142,0,6,0,14,0,2,0,1,0,0,0,0,0
_ZN5PatchC1Ev,71500,5,143,0,5,0,13,0,2,0,1,0,0,0,0,0
_ZN5PatchC1Ev,71000,6,142,0,6,0,15,0,2,0,1,0,0,0,0,0
_ZN5PatchC1Ev,2500,6,5,0,6,0,15,0,2,0,2,0,0,0,0,0
_ZN5PatchC1Ev,2500,6,5,0,6,0,15,0,2,0,2,0,0,0,0,0
_ZN5PatchC1Ev,2500,7,5,0,7,0,16,0,3,1,2,0,0,0,0,1
_ZN5PatchC1Ev,2500,6,5,0,6,0,15,0,2,1,2,0,0,0,0,1
_ZN5PatchC1Ev,2500,6,5,0,6,0,15,0,3,1,2,0,0,0,0,0
_ZN5PatchC1Ev,71000,6,142,0,6,0,14,0,2,0,1,0,0,0,0,0
_ZN5PatchC1Ev,71500,5,143,0,5,0,13,0,2,0,1,0,0,0,0,0
_ZN5PatchC1Ev,71000,6,142,0,6,0,15,0,2,0,1,0,0,0,0,0
_ZN5PatchC1Ev,2500,6,5,0,6,0,15,0,2,0,2,0,0,0,0,0
_ZN5PatchC1Ev,2500,6,5,0,6,0,15,0,2,0,2,0,0,0,0,0
_ZN5PatchC1Ev,2500,7,5,0,7,0,16,0,3,1,2,0,0,0,0,1
_ZN5PatchC1Ev,2500,6,5,0,6,0,15,0,2,1,2,0,0,0,0,1
_ZN5PatchC1Ev,2500,6,5,0,6,0,15,0,3,1,2,0,0,0,0,0
_ZN5PatchC1Ev,71000,6,142,0,6,0,14,0,2,0,1,0,0,0,0,0
_ZN5PatchC1Ev,71500,5,143,0,5,0,13,0,2,0,1,0,0,0,0,0
_ZN5PatchC1Ev,71000,6,142,0,6,0,15,0,2,0,1,0,0,0,0,0
_ZN5PatchC1Ev,2500,6,5,0,6,0,15,0,2,0,2,0,0,0,0,0
_ZN5PatchC1Ev,2500,6,5,0,6,0,15,0,2,0,2,0,0,0,0,0
_ZN5PatchC1Ev,2500,7,5,0,7,0,16,0,3,1,2,0,0,0,0,1
_ZN5PatchC1Ev,2500,6,5,0,6,0,15,0,2,1,2,0,0,0,0,1
_ZN5PatchC1Ev,2500,6,5,0,6,0,15,0,3,1,2,0,0,0,0,0
_ZN5PatchC1Ev,71000,6,142,0,6,0,14,0,2,0,1,0,0,0,0,0
_ZN5PatchC1Ev,71500,5,143,0,5,0,13,0,2,0,1,0,0,0,0,0
_ZN5PatchC1Ev,323000,6,646,0,6,0,15,0,2,0,1,0,0,0,0,0
_ZN5PatchC1Ev,2500,6,5,0,6,0,15,0,2,0,2,0,0,0,0,0
_ZN5PatchC1Ev,2500,6,5,0,6,0,15,0,2,0,2,0,0,0,0,0
_ZN5PatchC1Ev,2500,7,5,0,7,0,16,0,3,1,2,0,0,0,0,1
_ZN5PatchC1Ev,2500,6,5,0,6,0,15,0,2,1,2,0,0,0,0,1
_ZN5PatchC1Ev,2500,6,5,0,6,0,15,0,3,1,2,0,0,0,0,0
_ZN5PatchC1Ev,71000,6,142,0,6,0,14,0,2,0,1,0,0,0,0,0
_ZN5PatchC1Ev,71500,5,143,0,5,0,13,0,2,0,1,0,0,0,0,0
_ZN5PatchC1Ev,71000,6,142,0,6,0,15,0,2,0,1,0,0,0,0,0
_ZN5PatchC1Ev,2500,6,5,0,6,0,15,0,2,0,2,0,0,0,0,0
_ZN5PatchC1Ev,2500,6,5,0,6,0,15,0,2,0,2,0,0,0,0,0
_ZN5PatchC1Ev,2500,7,5,0,7,0,16,0,3,1,2,0,0,0,0,1
_ZN5PatchC1Ev,2500,6,5,0,6,0,15,0,2,1,2,0,0,0,0,1
_ZN5PatchC1Ev,2500,6,5,0,6,0,15,0,3,1,2,0,0,0,0,0
_ZN5PatchC1Ev,71000,6,142,0,6,0,14,0,2,0,1,0,0,0,0,0
_ZN5PatchC1Ev,216500,5,433,0,5,0,13,0,2,0,1,0,0,0,0,0
_ZN5PatchC1Ev,8500,6,17,1,6,0,11,1,1,0,3,1,0,0,0,0
_ZN5PatchC1Ev,5000,6,10,0,6,0,10,0,4,1,0,0,0,0,0,1
_ZN5PatchC1Ev,52500,6,105,0,6,0,10,1,3,0,1,0,0,0,0,0
_ZN5PatchC1Ev,3000,8,6,0,8,0,13,3,0,0,1,0,0,0,0,1
_ZN5PatchC1Ev,2500,8,5,0,8,0,15,3,3,0,0,0,0,0,0,0
_ZN5PatchC1Ev,2500,3,5,0,3,0,9,0,2,0,1,0,0,0,0,0
_ZN5PatchC1Ev,2000,4,4,0,4,0,7,1,1,0,2,0,0,0,0,0
_ZN5PatchC1Ev,1500,6,3,0,6,0,9,0,0,0,0,0,0,0,0,0
_ZN5PatchC1Ev,4000,6,8,1,6,5,8,0,0,1,1,0,0,0,0,0
_ZN5PatchC1Ev,6000,5,12,0,5,0,10,0,0,0,2,0,0,0,0,0
_ZN5PatchC1Ev,13000,5,26,0,5,0,36,1,0,0,4,0,0,0,0,0
_ZN5PatchC1Ev,1500,7,3,0,7,0,12,0,0,0,2,0,0,0,0,0
_ZN5PatchC1Ev,1500,6,3,0,6,0,10,3,2,0,0,0,0,0,0,0
_ZN5PatchC1Ev,2500,8,5,0,8,0,16,5,0,0,3,0,0,0,0,0
_ZN5PatchC1Ev,2000,5,4,0,5,0,9,1,1,0,0,0,0,0,0,0
_ZN5PatchC1Ev,2000,6,4,0,6,0,14,4,0,0,2,0,0,0,0,0
_ZN5PatchC1Ev,2000,7,4,0,7,0,15,0,1,0,1,0,0,0,0,0
_ZN5PatchC1Ev,2000,8,4,0,8,0,9,1,3,0,2,0,0,0,0,0
_ZN5PatchC1Ev,1500,7,3,0,7,0,12,0,5,0,0,0,0,0,0,0
_ZN5PatchC1Ev,2000,7,4,0,7,0,8,2,3,0,0,0,0,0,0,0
_ZN5PatchC1Ev,1500,7,3,0,7,2,12,2,3,1,0,0,0,0,0,0
_ZN5PatchC1Ev,1000,6,2,0,6,0,8,5,1,0,0,0,0,0,0,0
_ZN5PatchC1Ev,1000,5,2,0,5,0,8,2,0,0,0,0,0,0,0,0
_ZN5PatchC1Ev,1000,4,2,0,4,0,8,1,1,0,0,0,0,0,0,0
_ZN5PatchC1Ev,1500,7,3,0,7,0,12,1,4,0,0,0,0,0,0,0
_ZN5PatchC1Ev,61500,6,123,0,6,2,9,3,2,0,0,0,0,0,0,0
_ZN5PatchC1Ev,3500,6,7,0,6,0,14,2,1,0,2,0,0,0,0,0
_ZN5PatchC1Ev,4500,7,9,0,7,0,15,1,0,0,3,0,0,0,0,0
_ZN5PatchC1Ev,5000,5,10,0,5,0,8,0,0,0,1,0,0,0,0,0
_ZN5PatchC1Ev,73000,6,146,0,6,0,7,2,2,1,1,0,0,0,0,1
_ZN5PatchC1Ev,158000,6,316,0,6,0,10,3,1,1,1,0,0,0,0,1
_ZN5PatchC1Ev,1000,5,2,0,5,0,8,2,1,0,0,0,0,0,0,0
_ZN5PatchC1Ev,3500,6,7,0,6,0,11,1,3,1,0,0,0,0,0,1
_ZN5PatchC1Ev,72000,6,144,0,6,0,17,4,1,0,2,0,0,0,0,0
_ZN5PatchC1Ev,1500,6,3,0,6,0,9,1,1,0,1,0,0,0,0,0
_ZN5PatchC1Ev,1500,7,3,0,7,0,11,2,0,0,4,0,0,0,0,0
_ZN5PatchC1Ev,2000,7,4,0,7,0,16,1,0,0,1,0,0,0,0,0
_ZN5PatchC1Ev,1000,5,2,0,5,0,7,1,1,0,1,0,0,0,0,0
_ZN5PatchC1Ev,1500,6,3,0,6,0,11,1,0,0,1,0,0,0,0,0
_ZN5PatchC1Ev,2000,8,4,0,8,0,15,3,1,0,2,0,0,0,0,0
_ZN5PatchC1Ev,1500,5,3,0,5,0,11,0,0,0,2,0,0,0,0,1
_ZN5PatchC1Ev,1500,3,3,0,3,0,4,0,0,0,1,0,0,0,0,0
_ZN5PatchC1Ev,1500,6,3,0,6,0,12,1,0,0,2,0,0,0,0,0
_ZN5PatchC1Ev,2000,7,4,0,7,0,11,1,2,0,1,0,0,0,0,0
_ZN5PatchC1Ev,1500,6,3,0,6,0,11,3,1,0,2,0,0,0,0,0
_ZN5PatchC1Ev,3500,6,7,1,6,0,12,0,0,0,2,0,0,0,0,0
_ZN5PatchC1Ev,2000,7,4,0,7,0,12,1,0,0,3,0,0,0,0,0
_ZN5PatchC1Ev,1500,5,3,0,5,0,12,0,4,0,0,0,0,0,0,0
_ZN5PatchC1Ev,2500,5,5,0,5,0,16,3,1,0,1,0,0,0,0,0
_ZN5PatchC1Ev,2500,9,5,0,9,0,14,3,2,0,3,0,0,0,0,0
_ZN5PatchC1Ev,2000,5,4,0,5,0,13,1,1,0,0,0,0,0,0,0
_ZN5PatchC1Ev,3500,6,7,0,6,0,11,0,2,0,2,0,0,0,0,0
_ZN5PatchC1Ev,3000,6,6,0,6,0,14,1,0,0,5,0,0,0,0,0
_ZN5PatchC1Ev,1500,6,3,0,6,0,12,0,0,0,2,0,0,0,0,0
_ZN5PatchC1Ev,1500,9,3,0,9,0,12,1,0,0,1,0,0,0,0,0
_ZN5PatchC1Ev,1500,6,3,0,6,0,12,0,0,0,2,0,0,0,0,0
_ZN5PatchC1Ev,1000,5,2,0,5,0,8,0,0,0,1,0,0,0,0,0
_ZN5PatchC1Ev,3000,7,6,0,7,0,13,1,0,0,2,0,0,0,0,0
_ZN5PatchC1Ev,2500,6,5,0,6,0,12,0,0,0,2,0,0,0,0,1
_ZN5Patch8readfileEP8_IO_FILEP8Molecule,2228143500,5621794,4456287,15526,5621794,113581,10588966,1246397,716821,2368,1342239,111,39,20048,239,1231
_ZN5Patch8readfileEP8_IO_FILEP8Molecule,2270083500,5758669,4540167,15499,5758669,116322,10847074,1277013,734537,2311,1374613,18,0,23439,1,1093
_ZN5Patch8readfileEP8_IO_FILEP8Molecule,2027385500,5123791,4054771,14732,5123791,103827,9652320,1137201,653903,2124,1223710,4,0,21625,8,988
_ZN5Patch8readfileEP8_IO_FILEP8Molecule,2190124500,5513605,4380249,17290,5513605,109502,10389502,1221807,703766,2131,1320492,8,0,20886,0,1051
_ZN5Patch8readfileEP8_IO_FILEP8Molecule,2279296500,5745657,4558593,17315,5745657,113728,10825697,1271914,732873,2369,1375631,8,0,20650,3,1093
_ZN5Patch8readfileEP8_IO_FILEP8Molecule,2310324000,5826597,4620648,17552,5826597,115293,10978531,1289843,743222,2272,1395162,6,0,24598,0,1105
_ZN5Patch8readfileEP8_IO_FILEP8Molecule,2293627000,5810702,4587254,15664,5810702,117382,10945294,1288480,741088,2362,1387160,1,0,17438,3,1105
_ZN5Patch8readfileEP8_IO_FILEP8Molecule,2232052000,5654581,4464104,15312,5654581,114201,10650554,1253688,720959,2277,1349680,9,0,25599,1,1121
_ZN5Patch8readfileEP8_IO_FILEP8Molecule,2226615500,5627609,4453231,16306,5627609,114145,10599961,1248637,717599,2255,1343867,3,0,20993,3,1110
_ZN5Patch8readfileEP8_IO_FILEP8Molecule,2307846500,5793381,4615693,18800,5793381,115157,10915807,1283267,738708,2343,1387564,7,0,22431,0,1158
_ZN5Patch8readfileEP8_IO_FILEP8Molecule,2175878000,5478135,4351756,16807,5478135,108523,10321089,1212680,698465,2137,1311662,1,0,13190,11,1095
_ZN5Patch8readfileEP8_IO_FILEP8Molecule,2284234000,5754029,4568468,17478,5754029,113887,10841563,1273838,733964,2383,1377546,7,0,17831,5,1115
_ZN5Patch8readfileEP8_IO_FILEP8Molecule,2190731000,5525753,4381462,16081,5525753,111970,10409807,1226534,705349,2150,1319669,3,0,21613,1,1101
_ZN5Patch8readfileEP8_IO_FILEP8Molecule,2195899500,5538376,4391799,16519,5538376,112414,10431571,1228555,705679,2294,1322795,7,0,21652,0,1103
_ZN5Patch8readfileEP8_IO_FILEP8Molecule,2232091000,5617914,4464182,17811,5617914,114486,10582343,1247053,715948,2276,1342487,1,0,13455,3,1128
_ZN5Patch8readfileEP8_IO_FILEP8Molecule,2308289000,5777126,4616578,20302,5777126,115423,10886351,1280523,736428,2279,1384750,7,0,17588,1,1155
_ZN5Patch8readfileEP8_IO_FILEP8Molecule,2217930000,5565517,4435860,18245,5565517,110722,10486422,1232701,709581,2269,1333381,0,0,22400,8,1110
_ZN5Patch8readfileEP8_IO_FILEP8Molecule,2212728000,5550740,4425456,17866,5550740,110341,10460247,1230151,708469,2245,1329620,6,0,12113,0,1102
_ZN5Patch8readfileEP8_IO_FILEP8Molecule,2202092000,5535333,4404184,16838,5535333,110199,10431189,1226786,706293,2175,1324993,0,0,11731,11,1118
_ZN5Patch8readfileEP8_IO_FILEP8Molecule,2201034000,5534839,4402068,17358,5534839,110182,10428054,1225798,705341,2261,1324805,8,0,15841,0,1111
_ZN5Patch8readfileEP8_IO_FILEP8Molecule,2362687500,5929807,4725375,19655,5929807,118345,11173271,1314379,756068,2317,1420204,0,0,16304,3,1183
_ZN5Patch8readfileEP8_IO_FILEP8Molecule,2203699500,5513148,4407399,18847,5513148,107833,10391498,1219986,703025,2250,1322817,7,0,23157,0,1107
_ZN5Patch8readfileEP8_IO_FILEP8Molecule,2202843000,5532001,4405686,17533,5532001,107721,10426263,1223316,705474,2245,1326487,2,0,20671,3,1106
_ZN5Patch8readfileEP8_IO_FILEP8Molecule,2275821500,5717588,4551643,17589,5717588,111143,10777369,1264891,729999,2254,1370610,7,0,28678,0,1136
_ZN5Patch8readfileEP8_IO_FILEP8Molecule,2238509500,5645172,4477019,16162,5645172,111790,10636612,1249810,720045,2259,1350858,0,0,20983,6,1136
_ZN5Patch8readfileEP8_IO_FILEP8Molecule,2176948000,5495809,4353896,15725,5495809,108923,10354777,1216592,700736,2232,1314627,6,0,25483,4,1101
_ZN5Patch8readfileEP8_IO_FILEP8Molecule,2282655500,5746106,4565311,17551,5746106,114201,10826669,1272912,732810,2331,1375280,1,0,30383,9,1148
_ZN5Patch8readfileEP8_IO_FILEP8Molecule,2251125000,5655691,4502250,17723,5655691,110147,10659611,1250790,721249,2298,1356086,10,0,16462,0,1136
_ZN5Patch8readfileEP8_IO_FILEP8Molecule,2257207500,5687062,4514415,16453,5687062,110164,10717629,1256779,725363,2305,1362515,0,0,14766,3,1121
_ZN5Patch8readfileEP8_IO_FILEP8Molecule,2276940000,5734480,4553880,16602,5734480,111146,10807936,1267379,731560,2375,1374262,7,0,13744,0,1131
_ZN5Patch8readfileEP8_IO_FILEP8Molecule,2298423500,5796692,4596847,16469,5796692,114803,10921977,1283111,739192,2255,1386999,0,1,23162,3,1178
_ZN5Patch8readfileEP8_IO_FILEP8Molecule,2308025500,5827149,4616051,16341,5827149,115233,10979625,1290048,743271,2315,1394093,10,0,22180,1,1147
_ZN5Patch8readfileEP8_IO_FILEP8Molecule,2125677000,5352961,4251354,15917,5352961,106417,10087069,1186156,683346,2178,1281101,1,0,16132,6,1072
_ZN5Patch8readfileEP8_IO_FILEP8Molecule,2243835000,5638657,4487670,17250,5638657,109564,10628573,1247471,719894,2334,1351760,2,0,15901,3,1111
_ZN5Patch8readfileEP8_IO_FILEP8Molecule,2267529500,5708395,4535059,16670,5708395,110666,10758554,1261645,728315,2290,1368148,5,0,24932,3,1144
_ZN5Patch8readfileEP8_IO_FILEP8Molecule,2349435000,5918696,4698870,17485,5918696,114685,11155467,1308094,754865,2437,1418639,1,0,24032,0,1158
_ZN5Patch8readfileEP8_IO_FILEP8Molecule,2237141000,5629847,4474282,16422,5629847,114228,10605490,1249438,718378,2330,1344488,4,0,20158,3,1177
_ZN5Patch8readfileEP8_IO_FILEP8Molecule,2079166500,5237496,4158333,15219,5237496,106233,9866713,1162542,668452,2213,1250952,0,2,15405,3,1074
_ZN5Patch8readfileEP8_IO_FILEP8Molecule,2407871500,6054881,4815743,19016,6054881,123618,11408623,1345265,772714,2446,1447224,6,1,20534,3,1233
_ZN5Patch8readfileEP8_IO_FILEP8Molecule,2151610000,5377188,4303220,18623,5377188,107634,10135031,1193035,686331,2193,1289072,1,0,17026,3,1098
_ZN5Patch8readfileEP8_IO_FILEP8Molecule,2102669000,5266073,4205338,17017,5266073,104774,9923609,1166993,672149,2182,1261450,6,0,29214,6,1094
_ZN5Patch8readfileEP8_IO_FILEP8Molecule,2176476000,5462968,4352952,17276,5462968,108447,10294485,1210343,697251,2259,1308258,0,0,15782,1,1104
_ZN5Patch8readfileEP8_IO_FILEP8Molecule,2196753500,5539354,4393507,16121,5539354,112322,10435655,1229323,706805,2246,1323042,6,0,13376,0,1124
_ZN5Patch8readfileEP8_IO_FILEP8Molecule,2375136500,5992497,4750273,17831,5992497,122563,11290406,1330251,763332,2452,1432111,1,0,25202,5,1186
_ZN5Patch8readfileEP8_IO_FILEP8Molecule,2327588000,5854379,4655176,18718,5854379,120442,11030749,1299462,744195,2343,1400664,5,0,17004,3,1191
_ZN5Patch8readfileEP8_IO_FILEP8Molecule,2202701000,5513458,4405402,19596,5513458,110997,10391540,1221783,701066,2122,1322834,3,2,19433,3,1107
_ZN5Patch8readfileEP8_IO_FILEP8Molecule,2325155500,5830980,4650311,19421,5830980,116768,10988679,1291849,742695,2360,1397421,5,2,14423,3,1188
_ZN5Patch8readfileEP8_IO_FILEP8Molecule,2254823000,5655736,4509646,18500,5655736,112577,10658344,1253333,721513,2309,1355439,1,0,20995,4,1122
_ZN5Patch8readfileEP8_IO_FILEP8Molecule,2237678000,5621977,4475356,17605,5621977,114869,10592988,1249185,717563,2381,1343829,4,0,18054,6,1159
_ZN5Patch8readfileEP8_IO_FILEP8Molecule,2253030000,5676188,4506060,17623,5676188,116592,10695183,1260274,722039,2267,1357522,1,0,17367,3,1123
_ZN5Patch8readfileEP8_IO_FILEP8Molecule,2251997000,5665789,4503994,18113,5665789,116860,10676261,1258615,720637,2278,1355496,5,0,22878,3,1156
_ZN5Patch8readfileEP8_IO_FILEP8Molecule,2198002500,5495047,4396005,19959,5495047,111038,10358208,1218782,698856,2111,1318625,1,0,18515,0,1098
_ZN5Patch8readfileEP8_IO_FILEP8Molecule,2334873500,5838176,4669747,20604,5838176,117634,11003562,1293777,742524,2343,1400585,4,0,27928,3,1200
_ZN5Patch8readfileEP8_IO_FILEP8Molecule,2243422000,5612724,4486844,19187,5612724,112204,10578509,1245174,716545,2364,1345270,2,2,14708,4,1123
_ZN5Patch8readfileEP8_IO_FILEP8Molecule,2275156500,5698472,4550313,18487,5698472,114138,10740128,1264115,727332,2335,1364951,4,1,21705,3,1179
_ZN5Patch8readfileEP8_IO_FILEP8Molecule,2316178500,5820051,4632357,18820,5820051,117230,10969187,1289997,740167,2318,1394897,1,0,27538,1,1164
_ZN5Patch8readfileEP8_IO_FILEP8Molecule,2494652000,6259101,4989304,20983,6259101,126678,11797881,1388259,796143,2481,1500498,4,0,23808,7,1279
_ZN5Patch8readfileEP8_IO_FILEP8Molecule,2390043500,5990045,4780087,20538,5990045,118555,11294546,1326340,761912,2304,1438596,1,0,21571,0,1210
_ZN5Patch8readfileEP8_IO_FILEP8Molecule,2306897000,5779276,4613794,19188,5779276,114208,10896394,1279603,736031,2341,1387294,2,0,13441,0,1195
_ZN5Patch8readfileEP8_IO_FILEP8Molecule,2118789500,5304346,4237579,17654,5304346,103854,10000647,1175152,677494,2188,1272611,1,0,18839,0,1069
_ZN5Patch8readfileEP8_IO_FILEP8Molecule,2139837000,5378570,4279674,16492,5378570,106894,10135592,1191761,686537,2137,1287527,5,0,22997,3,1107
_ZN5Patch8readfileEP8_IO_FILEP8Molecule,2350379000,5915354,4700758,18284,5915354,118234,11148463,1311094,754109,2436,1416341,1,1,22174,3,1187
_ZN5Patch8readfileEP8_IO_FILEP8Molecule,2446941000,6145149,4893882,20270,6145149,123766,11581813,1361841,781657,2376,1472965,5,1,23840,3,1257
_ZN5Patch8readfileEP8_IO_FILEP8Molecule,2220499500,5569057,4440999,18657,5569057,109750,10499598,1231918,708132,2275,1337353,1,0,20559,3,1112
_ZN5Patch8readfileEP8_IO_FILEP8Molecule,2336923000,5855698,4673846,18887,5855698,114993,11039202,1295453,746074,2379,1405036,5,0,19688,2,1209
_ZN5Patch8readfileEP8_IO_FILEP8Molecule,2126214000,5344166,4252428,16566,5344166,103967,10073652,1182582,682297,2099,1281119,1,0,16584,4,1062
_ZN5Patch8readfileEP8_IO_FILEP8Molecule,2279013000,5723392,4558026,17402,5723392,113739,10785059,1267944,730272,2312,1370148,5,0,21831,1,1185
_ZN5Patch8readfileEP8_IO_FILEP8Molecule,2202164000,5546886,4404328,16627,5546886,110070,10452443,1229102,707946,2311,1327540,3,0,25510,0,1105
_ZN5Patch8readfileEP8_IO_FILEP8Molecule,2050460500,5146486,4100921,16622,5146486,103013,9700269,1141603,657131,2123,1232623,5,0,24416,3,1048
_ZN5Patch8readfileEP8_IO_FILEP8Molecule,2292308000,5746232,4584616,18943,5746232,112617,10833942,1272868,733621,2272,1378467,1,1,21805,3,1157
_ZN5Patch8readfileEP8_IO_FILEP8Molecule,2202242500,5518166,4404485,17301,5518166,107556,10401470,1220723,704180,2350,1323400,5,1,17856,3,1128
_ZN5Patch8readfileEP8_IO_FILEP8Molecule,2242210500,5637453,4484421,17447,5637453,109478,10626368,1246888,719472,2188,1351595,1,0,13919,3,1118
_ZN5Patch8readfileEP8_IO_FILEP8Molecule,2309208500,5804406,4618417,17476,5804406,115363,10937525,1286026,740705,2335,1389052,5,0,18772,6,1211
_ZN5Patch8readfileEP8_IO_FILEP8Molecule,2184134500,5492090,4368269,16562,5492090,109089,10349458,1217104,700916,2219,1314503,1,0,18612,3,1129
_ZN5Patch8readfileEP8_IO_FILEP8Molecule,2251040000,5648115,4502080,18023,5648115,113063,10645273,1253122,721222,2389,1352204,5,0,23723,5,1172
_ZN5Patch8readfileEP8_IO_FILEP8Molecule,2268969000,5675028,4537938,18853,5675028,111122,10699463,1256858,724517,2327,1361712,1,0,24170,5,1168
_ZN5Patch8readfileEP8_IO_FILEP8Molecule,2091712000,5246822,4183424,16241,5246822,102106,9890107,1160679,669871,2179,1257631,9,0,17218,0,1083
_ZN5Patch8readfileEP8_IO_FILEP8Molecule,2290632500,5742707,4581265,17948,5742707,111706,10825189,1270337,733037,2376,1377112,1,2,19078,0,1166
_ZN5Patch8readfileEP8_IO_FILEP8Molecule,2175529500,5467699,4351059,16693,5467699,108805,10303434,1211571,697571,2230,1309044,6,2,18125,3,1112
_ZN5Patch8readfileEP8_IO_FILEP8Molecule,2268134000,5709952,4536268,17613,5709952,114555,10761594,1266031,727799,2311,1366803,1,0,15239,3,1146
_ZN5Patch8readfileEP8_IO_FILEP8Molecule,2336300000,5860654,4672600,19553,5860654,118170,11045966,1299255,745692,2331,1404315,4,0,20424,6,1193
_ZN5Patch8readfileEP8_IO_FILEP8Molecule,2197019000,5512637,4394038,18274,5512637,108537,10392498,1219385,701145,2210,1323356,1,0,18120,3,1103
_ZN5Patch8readfileEP8_IO_FILEP8Molecule,2325823500,5834273,4651647,18793,5834273,114643,10998723,1290576,743158,2365,1399797,4,0,16753,3,1196
_ZN5Patch8readfileEP8_IO_FILEP8Molecule,2156710500,5419604,4313421,16762,5419604,105435,10216078,1199040,691814,2217,1299370,1,0,14887,0,1072
_ZN5Patch8readfileEP8_IO_FILEP8Molecule,2215780000,5552601,4431560,17795,5552601,110972,10464952,1231640,709008,2294,1329841,5,0,15666,1,1146
_ZN5Patch8readfileEP8_IO_FILEP8Molecule,2374336000,5957070,4748672,19395,5957070,120378,11229122,1323068,759741,2449,1426198,1,2,20552,3,1193
_ZN5Patch8readfileEP8_IO_FILEP8Molecule,2463599000,6172747,4927198,21066,6172747,125169,11636113,1370606,786045,2450,1479043,6,1,22459,3,1266
_ZN5Patch8readfileEP8_IO_FILEP8Molecule,2368927500,5930136,4737855,20538,5930136,117300,11181482,1313093,754437,2384,1424374,2,0,22406,3,1197
_ZN5Patch8readfileEP8_IO_FILEP8Molecule,2323933500,5822573,4647867,19386,5822573,114876,10977490,1288355,740931,2345,1398228,3,0,16075,4,1191
_ZN5Patch8readfileEP8_IO_FILEP8Molecule,2183336500,5466519,4366673,18035,5466519,106922,10306008,1210614,698035,2232,1311443,3,0,20516,3,1090
_ZN5Patch8readfileEP8_IO_FILEP8Molecule,2317010000,5806094,4634020,18836,5806094,113827,10946486,1285918,741480,2365,1392059,4,0,26311,3,1198
_ZN5Patch8readfileEP8_IO_FILEP8Molecule,2290294500,5739619,4580589,18769,5739619,113713,10822449,1272989,732058,2303,1375973,1,0,21764,0,1159
_ZN5Patch8readfileEP8_IO_FILEP8Molecule,2387791500,5973193,4775583,20064,5973193,118632,11263025,1324779,761515,2406,1432768,5,0,20647,7,1229
_ZN5Patch8readfileEP8_IO_FILEP8Molecule,2369891000,5938064,4739782,19605,5938064,114976,11199986,1312618,755624,2382,1427806,1,2,20419,2,1199
_ZN5Patch8readfileEP8_IO_FILEP8Molecule,2326174500,5828852,4652349,18990,5828852,112786,10992659,1288048,741916,2252,1400788,3,1,17553,1,1205
_ZN5Patch8readfileEP8_IO_FILEP8Molecule,2205596000,5522301,4411192,17550,5522301,106021,10415249,1222441,706215,2311,1325619,1,0,17614,4,1113
_ZN5Patch8readfileEP8_IO_FILEP8Molecule,2162447500,5432959,4324895,16484,5432959,105710,10240607,1201824,693620,2159,1301855,5,0,25810,6,1112
_ZN5Patch8readfileEP8_IO_FILEP8Molecule,2270967000,5706564,4541934,17828,5706564,112291,10758931,1263626,727536,2296,1367953,1,0,19678,3,1155
_ZN5Patch8readfileEP8_IO_FILEP8Molecule,2290404000,5737641,4580808,18880,5737641,113434,10818258,1271340,731380,2372,1376301,5,0,21389,3,1183
_ZN5Patch8readfileEP8_IO_FILEP8Molecule,2126812000,5336406,4253624,17167,5336406,102976,10064092,1178882,678985,2147,1282494,2,0,18894,1,1078
_ZN5Patch8readfileEP8_IO_FILEP8Molecule,2319632500,5819784,4639265,17817,5819784,112165,10975013,1286857,742632,2368,1396846,5,0,24102,4,1202
_ZN5Patch8readfileEP8_IO_FILEP8Molecule,2239921000,5628430,4479842,16956,5628430,107290,10612991,1243565,718646,2302,1350894,1,1,15876,3,1120
_ZN5Patch8readfileEP8_IO_FILEP8Molecule,2307235000,5795374,4614470,17674,5795374,112790,10924022,1281929,739736,2272,1388828,5,2,26471,3,1193
_ZN5Patch8readfileEP8_IO_FILEP8Molecule,2218454500,5572185,4436909,17085,5572185,108354,10503538,1232932,711359,2338,1335537,1,0,17651,4,1115
_ZN5Patch8readfileEP8_IO_FILEP8Molecule,2319626500,5808383,4639253,19012,5808383,113800,10950810,1286358,741702,2324,1393088,5,0,17418,6,1192
_ZN5Patch8readfileEP8_IO_FILEP8Molecule,2195675000,5504897,4391350,17532,5504897,105518,10381850,1217251,702950,2177,1321895,1,0,19567,1,1104
_ZN5Patch8readfileEP8_IO_FILEP8Molecule,2089379000,5247145,4178758,15798,5247145,100071,9893653,1159020,670037,2096,1259370,5,0,11286,3,1066
_ZN5Patch8readfileEP8_IO_FILEP8Molecule,2375002500,5967444,4750005,17982,5967444,113588,11251903,1317840,761586,2409,1432370,1,0,21221,0,1185
_ZN5Patch8readfileEP8_IO_FILEP8Molecule,2142924500,5397474,4285849,15250,5397474,106946,10170225,1194722,688457,2186,1291657,5,0,15420,3,1131
_ZN5Patch8readfileEP8_IO_FILEP8Molecule,2317013000,5852799,4634026,16432,5852799,115784,11027847,1295726,746534,2331,1400148,1,2,20021,3,1176
_ZN5Patch8readfileEP8_IO_FILEP8Molecule,2186692500,5505673,4373385,16242,5505673,109375,10374530,1220042,702847,2290,1317220,5,1,24357,3,1135
_ZN5Patch8readfileEP8_IO_FILEP8Molecule,2216207500,5573209,4432415,16946,5573209,108358,10505221,1233040,711454,2245,1336087,1,0,18849,3,1106
_ZN5Patch8readfileEP8_IO_FILEP8Molecule,2236666500,5629050,4473333,16474,5629050,109163,10609672,1244043,718190,2277,1349140,5,0,13221,3,1152
_ZN5Patch8readfileEP8_IO_FILEP8Molecule,2254442500,5683384,4508885,16545,5683384,110063,10711881,1256117,725056,2289,1361719,3,0,14753,0,1135
_ZN5Patch8readfileEP8_IO_FILEP8Molecule,2267201000,5721370,4534402,16021,5721370,113279,10780171,1266655,729971,2366,1368456,4,0,20688,3,1166
_ZN5Patch8readfileEP8_IO_FILEP8Molecule,2259315000,5701975,4518630,16464,5701975,113045,10743310,1262484,726992,2301,1364230,1,0,25126,0,1131
_ZN5Patch8readfileEP8_IO_FILEP8Molecule,2249256500,5660093,4498513,17183,5660093,112585,10665070,1253809,721948,2349,1354785,4,0,15463,3,1145
_ZN5Patch8readfileEP8_IO_FILEP8Molecule,2362621000,5943715,4725242,18310,5943715,115559,11202333,1314642,758196,2321,1424763,3,1,19695,3,1183
_ZN5Patch8readfileEP8_IO_FILEP8Molecule,2171475500,5465194,4342951,15904,5465194,105947,10299757,1207763,697139,2228,1309773,5,2,20095,4,1098
_ZN5Patch8readfileEP8_IO_FILEP8Molecule,2275917500,5734591,4551835,16552,5734591,111081,10808301,1267451,731509,2236,1374232,1,0,21197,3,1132
_ZN5Patch8readfileEP8_IO_FILEP8Molecule,2106766500,5300447,4213533,15672,5300447,105320,9987897,1174585,676638,2162,1268160,5,0,16309,3,1082
_ZN5Patch8readfileEP8_IO_FILEP8Molecule,2165398500,5447537,4330797,16671,5447537,108397,10264151,1207411,695198,2209,1303315,0,0,16266,3,1099
_ZN5Patch8readfileEP8_IO_FILEP8Molecule,2274237500,5709533,4548475,18748,5709533,114131,10758794,1266042,728317,2327,1366958,5,0,20821,1,1141
_ZN5Patch8readfileEP8_IO_FILEP8Molecule,2242212500,5617699,4484425,18972,5617699,109779,10588515,1242929,716156,2285,1347863,1,0,27243,0,1123
_ZN5Patch8readfileEP8_IO_FILEP8Molecule,2157488500,5408475,4314977,17232,5408475,105347,10193395,1195981,689815,2229,1297013,5,0,16755,3,1090
_ZN5Patch8readfileEP8_IO_FILEP8Molecule,2245875000,5640006,4491750,17598,5640006,109690,10631269,1247848,719907,2309,1352335,1,2,24585,3,1115
_ZN5Patch8readfileEP8_IO_FILEP8Molecule,2076540500,5211720,4153081,15819,5211720,101411,9823753,1153040,665483,2139,1248909,5,2,24594,7,1071
_ZN5Patch8readfileEP8_IO_FILEP8Molecule,2424312000,6094295,4848624,18866,6094295,118816,11486344,1348702,777761,2530,1460138,1,0,20232,3,1209
_ZN5Patch8readfileEP8_IO_FILEP8Molecule,2244972000,5618619,4489944,18918,5618619,110261,10591010,1244007,716675,2358,1347350,4,0,22176,1,1142
_ZN5Patch8readfileEP8_IO_FILEP8Molecule,2371022000,5939745,4742044,19438,5939745,113657,11198967,1312119,757324,2394,1426422,1,0,16091,3,1189
_ZN5Patch8readfileEP8_IO_FILEP8Molecule,2297533000,5764331,4595066,17663,5764331,110016,10867422,1272601,735028,2345,1383498,6,0,21077,3,1171
_ZN5Patch8readfileEP8_IO_FILEP8Molecule,2227154500,5598174,4454309,16739,5598174,106492,10555638,1236561,714808,2265,1343530,2,0,28925,0,1103
_ZN5Patch8readfileEP8_IO_FILEP8Molecule,2275558000,5735796,4551116,16318,5735796,111211,10810595,1267607,731814,2309,1373977,5,0,15998,3,1168
_ZN5Patch8readfileEP8_IO_FILEP8Molecule,2233533000,5634656,4467066,16206,5634656,109224,10619324,1245608,718768,2276,1349539,1,2,13809,1,1110
_ZN5Patch8readfileEP8_IO_FILEP8Molecule,2323831000,5844569,4647662,17980,5844569,114073,11015355,1292934,745517,2286,1400602,5,2,19808,12,1176
_ZN5Patch8readfileEP8_IO_FILEP8Molecule,2181405500,5486724,4362811,16744,5486724,104560,10343934,1211253,699534,2283,1317002,1,0,21970,3,1083
_ZN5Patch8readfileEP8_IO_FILEP8Molecule,2126206500,5360409,4252413,15297,5360409,102059,10106621,1183256,684095,2140,1285929,4,0,17807,3,1075
_ZN5Patch8readfileEP8_IO_FILEP8Molecule,2324367000,5855328,4648734,16617,5855328,111028,11039502,1291953,746984,2409,1404977,1,0,18265,3,1149
_ZN5Patch8readfileEP8_IO_FILEP8Molecule,2247608500,5651164,4495217,16427,5651164,109651,10651340,1248810,720751,2353,1354205,5,0,17347,3,1161
_ZN5Patch8readfileEP8_IO_FILEP8Molecule,2252918000,5683997,4505836,16151,5683997,110049,10712645,1256387,725217,2297,1361542,1,0,22941,0,1122
_ZN5Patch8readfileEP8_IO_FILEP8Molecule,2189544500,5499500,4379089,16601,5499500,107061,10366868,1216553,701991,2240,1318380,5,0,23654,3,1103
_ZN5Patch8readfileEP8_IO_FILEP8Molecule,2170304000,5465669,4340608,15892,5465669,103991,10305953,1207182,697821,2216,1311665,1,2,28241,3,1075
_ZN5Patch8readfileEP8_IO_FILEP8Molecule,2192668500,5518884,4385337,15674,5518884,104777,10404920,1217714,704208,2229,1324258,5,2,20315,3,1112
_ZN5Patch8readfileEP8_IO_FILEP8Molecule,2268828500,5749457,4537657,16336,5749457,107950,10840421,1268975,732726,2089,1379812,39,0,19266,16,1027
_ZN9PatchList8readfileEP8_IO_FILEP8Molecule,19169000,4124,38338,29,4124,668,7779,406,1634,215,881,8,0,1518,6,228
_ZN11ComputeList8readfileEP8_IO_FILEP9PatchList,1751743000,4560986,3503486,1739,4560986,45505,8532385,956658,598235,5670,1107042,235,1,16,37,2777
_ZN9ResultSetC1Ei,6315075000,1292884,12630150,16,1292884,553823,2031848,122,553930,69296,196268,6,4,1305393,6,69290
_ZN9ResultSetC1Ei,6284968500,1292881,12569937,12,1292881,553821,2031844,122,553928,69299,196279,1,4,1355265,6,69289
_ZN9ResultSetC1Ei,6284616500,1292882,12569233,10,1292882,553822,2031844,122,553929,69298,196277,0,4,1327394,6,69287
_ZN9ResultSetC1Ei,6282322000,1292882,12564644,10,1292882,553821,2031844,122,553928,69296,196275,1,4,1350043,6,69287
_ZN9ResultSetC1Ei,6275515500,1292883,12551031,10,1292883,553822,2031847,122,553929,69297,196276,0,4,1292994,6,69286
_ZN9ResultSetC1Ei,6281313500,1292883,12562627,10,1292883,553822,2031845,122,553929,69297,196275,1,4,1316925,6,69288
_ZN9ResultSetC1Ei,6281815500,1292883,12563631,222,1292883,549326,2035808,963,553854,69289,196309,75,4,1300951,18,69320
_ZN5Patch10zeroforcesEv,43140500,6939,86281,2,6939,0,13248,6,3777,473,635,0,0,33955,0,473
_ZN5Patch10zeroforcesEv,44023000,7104,88046,1,7104,0,13563,6,3867,488,649,0,0,20728,0,485
_ZN5Patch10zeroforcesEv,39471500,6346,78943,1,6346,0,12114,6,3454,436,580,0,0,12013,0,434
_ZN5Patch10zeroforcesEv,42332500,6840,84665,1,6840,0,13058,6,3723,471,625,0,0,4694,0,466
_ZN5Patch10zeroforcesEv,43439000,7104,86878,1,7104,0,13562,6,3867,491,649,0,0,21892,0,486
_ZN5Patch10zeroforcesEv,44136000,7202,88272,1,7202,0,13750,6,3920,493,658,0,0,29804,0,491
_ZN5Patch10zeroforcesEv,44791000,7170,89582,1,7170,0,13688,6,3903,490,655,0,0,36397,0,489
_ZN5Patch10zeroforcesEv,43063500,6983,86127,1,6983,0,13331,6,3801,482,638,0,0,31414,0,477
_ZN5Patch10zeroforcesEv,43345500,6984,86691,1,6984,0,13332,6,3802,481,638,0,0,35097,0,476
_ZN5Patch10zeroforcesEv,44340500,7203,88681,1,7203,0,13751,6,3921,494,658,0,0,30886,0,493
_ZN5Patch10zeroforcesEv,42502000,6785,85004,1,6785,0,12953,6,3693,463,620,0,0,35004,0,463
_ZN5Patch10zeroforcesEv,43966500,7115,87933,1,7115,0,13583,6,3873,490,650,0,0,41413,0,485
_ZN5Patch10zeroforcesEv,42221000,6841,84442,1,6841,0,13060,6,3724,470,625,0,0,21744,0,468
_ZN5Patch10zeroforcesEv,43066000,6883,86132,1,6883,0,13141,6,3746,472,629,0,0,32754,0,470
_ZN5Patch10zeroforcesEv,43651500,7016,87303,1,7016,0,13394,6,3819,482,641,0,0,25668,0,480
_ZN5Patch10zeroforcesEv,44800500,7226,89601,1,7226,0,13794,6,3934,496,660,0,0,13452,0,495
_ZN5Patch10zeroforcesEv,42582000,6928,85164,1,6928,0,13226,6,3771,477,633,0,0,4630,0,473
_ZN5Patch10zeroforcesEv,43214500,6896,86429,1,6896,0,13165,6,3754,472,630,0,0,9750,0,472
_ZN5Patch10zeroforcesEv,42551000,6884,85102,1,6884,0,13142,6,3747,473,629,0,0,5159,0,470
_ZN5Patch10zeroforcesEv,42847500,6895,85695,1,6895,0,13164,6,3753,477,630,0,0,21520,0,472
_ZN5Patch10zeroforcesEv,45881500,7412,91763,1,7412,0,14150,6,4035,510,677,0,0,31722,0,506
_ZN5Patch10zeroforcesEv,42958500,6906,85917,1,6906,0,13184,6,3759,473,631,0,0,27745,0,471
_ZN5Patch10zeroforcesEv,42756000,6895,85512,1,6895,0,13164,6,3753,472,630,0,0,31290,0,470
_ZN5Patch10zeroforcesEv,43731000,7103,87462,1,7103,0,13561,6,3866,489,649,0,0,39926,0,485
_ZN5Patch10zeroforcesEv,43760000,6983,87520,1,6983,0,13331,6,3801,479,638,0,0,39790,0,477
_ZN5Patch10zeroforcesEv,42547500,6807,85095,1,6807,0,12995,6,3705,466,622,0,0,38466,0,466
_ZN5Patch10zeroforcesEv,44754000,7147,89508,1,7147,0,13645,6,3890,486,653,0,0,43683,0,486
_ZN5Patch10zeroforcesEv,44147500,7049,88295,1,7049,0,13458,6,3837,484,644,0,0,24238,0,482
_ZN5Patch10zeroforcesEv,43451000,7049,86902,1,7049,0,13457,6,3837,485,644,0,0,21346,0,481
_ZN5Patch10zeroforcesEv,44085500,7104,88171,1,7104,0,13562,6,3867,486,649,0,0,10946,0,484
_ZN5Patch10zeroforcesEv,45106500,7171,90213,1,7171,0,13689,6,3904,494,655,0,0,24359,0,490
_ZN5Patch10zeroforcesEv,45471000,7203,90942,1,7203,0,13751,6,3921,495,658,0,0,23146,0,494
_ZN5Patch10zeroforcesEv,40992000,6641,81984,1,6641,0,12678,6,3614,455,607,0,0,27452,0,453
_ZN5Patch10zeroforcesEv,43737000,7006,87474,1,7006,0,13374,6,3814,480,640,0,0,35926,0,478
_ZN5Patch10zeroforcesEv,43697500,7072,87395,1,7072,0,13500,6,3850,485,646,0,0,37007,0,482
_ZN5Patch10zeroforcesEv,45706500,7335,91413,1,7335,0,14003,6,3993,506,670,0,0,33238,0,501
_ZN5Patch10zeroforcesEv,43505500,6972,87011,1,6972,0,13310,6,3795,478,637,0,0,37012,0,475
_ZN5Patch10zeroforcesEv,40181500,6488,80363,1,6488,0,12386,6,3531,449,593,0,0,35343,0,444
_ZN5Patch10zeroforcesEv,46649500,7555,93299,1,7555,0,14423,6,4113,519,690,0,0,32206,0,516
_ZN5Patch10zeroforcesEv,41881000,6730,83762,1,6730,0,12848,6,3663,461,615,0,0,25703,0,460
_ZN5Patch10zeroforcesEv,40951000,6543,81902,1,6543,0,12491,6,3561,448,598,0,0,17606,0,446
_ZN5Patch10zeroforcesEv,41819000,6774,83638,1,6774,0,12932,6,3687,465,619,0,0,29500,0,463
_ZN5Patch10zeroforcesEv,42204000,6862,84408,1,6862,0,13101,6,3735,471,627,0,0,24382,0,467
_ZN5Patch10zeroforcesEv,46416500,7489,92833,1,7489,0,14298,6,4077,516,684,0,0,7147,0,512
_ZN5Patch10zeroforcesEv,45938500,7357,91877,1,7357,0,14046,6,4005,505,672,0,0,15839,0,503
_ZN5Patch10zeroforcesEv,43224500,6940,86449,1,6940,0,13248,6,3778,476,634,0,0,11432,0,474
_ZN5Patch10zeroforcesEv,45527500,7291,91055,1,7291,0,13919,6,3969,500,666,0,0,7956,0,498
_ZN5Patch10zeroforcesEv,43606000,7039,87212,1,7039,0,13438,6,3832,484,643,0,0,12649,0,482
_ZN5Patch10zeroforcesEv,43343500,7016,86687,1,7016,0,13394,6,3819,481,641,0,0,26795,0,479
_ZN5Patch10zeroforcesEv,44683500,7126,89367,1,7126,0,13604,6,3879,489,651,0,0,30978,0,487
_ZN5Patch10zeroforcesEv,44430500,7138,88861,1,7138,0,13626,6,3886,487,652,0,0,34276,0,487
_ZN5Patch10zeroforcesEv,43650500,6939,87301,1,6939,0,13247,6,3777,476,634,0,0,24540,0,475
_ZN5Patch10zeroforcesEv,46050500,7347,92101,1,7347,0,14025,6,4000,505,671,0,0,14719,0,503
_ZN5Patch10zeroforcesEv,43521000,7016,87042,1,7016,0,13394,6,3819,482,641,0,0,29977,0,480
_ZN5Patch10zeroforcesEv,43981000,7126,87962,1,7126,0,13604,6,3879,493,651,0,0,32388,0,488
_ZN5Patch10zeroforcesEv,45597000,7323,91194,1,7323,0,13981,6,3986,506,669,0,0,33863,0,500
_ZN5Patch10zeroforcesEv,49091500,7907,98183,1,7907,0,15095,6,4305,546,722,0,0,35144,0,540
_ZN5Patch10zeroforcesEv,46965000,7577,93930,1,7577,0,14465,6,4125,518,692,0,0,35252,0,516
_ZN5Patch10zeroforcesEv,45437000,7291,90874,1,7291,0,13919,6,3969,498,666,0,0,39829,0,498
_ZN5Patch10zeroforcesEv,40733500,6643,81467,1,6643,0,12683,6,3616,456,607,0,0,19098,0,453
_ZN5Patch10zeroforcesEv,41489500,6675,82979,1,6675,0,12743,6,3633,460,610,0,0,5807,0,455
_ZN5Patch10zeroforcesEv,45780500,7391,91561,1,7391,0,14110,6,4024,510,675,0,0,14134,0,504
_ZN5Patch10zeroforcesEv,48112000,7731,96224,1,7731,0,14759,6,4209,533,706,0,0,38783,0,528
_ZN5Patch10zeroforcesEv,43448500,7016,86897,1,7016,0,13394,6,3819,485,641,0,0,29261,0,480
_ZN5Patch10zeroforcesEv,45160000,7347,90320,1,7347,0,14027,6,4000,503,671,0,0,25474,0,502
_ZN5Patch10zeroforcesEv,40991000,6653,81982,1,6653,0,12701,6,3621,458,608,0,0,33586,0,453
_ZN5Patch10zeroforcesEv,44612500,7105,89225,1,7105,0,13564,6,3868,486,649,0,0,40068,0,483
_ZN5Patch10zeroforcesEv,43002000,6884,86004,1,6884,0,13142,6,3747,473,629,0,0,29046,0,471
_ZN5Patch10zeroforcesEv,39978000,6434,79956,1,6434,0,12283,6,3502,441,588,0,0,25279,0,438
_ZN5Patch10zeroforcesEv,45158000,7204,90316,1,7204,0,13752,6,3922,495,658,0,0,9993,0,493
_ZN5Patch10zeroforcesEv,42794000,6874,85588,1,6874,0,13123,6,3742,475,628,0,0,24831,0,470
_ZN5Patch10zeroforcesEv,43355500,7005,86711,1,7005,0,13373,6,3813,484,640,0,0,37767,0,479
_ZN5Patch10zeroforcesEv,44724000,7203,89448,1,7203,0,13751,6,3921,493,658,0,0,39338,0,493
_ZN5Patch10zeroforcesEv,42298000,6819,84596,1,6819,0,13018,6,3712,466,623,0,0,21731,0,466
_ZN5Patch10zeroforcesEv,43832000,7060,87664,1,7060,0,13478,6,3843,483,645,0,0,20614,0,481
_ZN5Patch10zeroforcesEv,44063000,7104,88126,1,7104,0,13562,6,3867,487,649,0,0,35764,0,485
_ZN5Patch10zeroforcesEv,40634000,6521,81268,1,6521,0,12449,6,3549,450,596,0,0,35642,0,446
_ZN5Patch10zeroforcesEv,44627000,7138,89254,1,7138,0,13627,6,3886,489,652,0,0,23070,0,487
_ZN5Patch10zeroforcesEv,42515500,6796,85031,1,6796,0,12974,6,3699,464,621,0,0,28370,0,463
_ZN5Patch10zeroforcesEv,44175500,7159,88351,1,7159,0,13667,6,3897,494,654,0,0,31401,0,489
_ZN5Patch10zeroforcesEv,45959000,7379,91918,1,7379,0,14087,6,4017,509,674,0,0,27134,0,504
_ZN5Patch10zeroforcesEv,43051000,6939,86102,1,6939,0,13247,6,3777,479,634,0,0,18001,0,474
_ZN5Patch10zeroforcesEv,45668000,7325,91336,1,7325,0,13984,6,3988,501,669,0,0,24249,0,499
_ZN5Patch10zeroforcesEv,41380500,6742,82761,1,6742,0,12870,6,3670,462,616,0,0,24892,0,460
_ZN5Patch10zeroforcesEv,43148500,6928,86297,1,6928,0,13226,6,3771,479,633,0,0,11396,0,474
_ZN5Patch10zeroforcesEv,46349500,7522,92699,1,7522,0,14360,6,4095,518,687,0,0,13276,0,513
_ZN5Patch10zeroforcesEv,48729500,7820,97459,1,7820,0,14928,6,4258,539,714,0,0,20934,0,534
_ZN5Patch10zeroforcesEv,46606500,7500,93213,1,7500,0,14318,6,4083,516,685,0,0,31006,0,511
_ZN5Patch10zeroforcesEv,45699500,7335,91399,1,7335,0,14003,6,3993,507,670,0,0,16794,0,502
_ZN5Patch10zeroforcesEv,42351000,6839,84702,1,6839,0,13057,6,3722,473,625,0,0,278,0,467
_ZN5Patch10zeroforcesEv,44896500,7269,89793,1,7269,0,13877,6,3957,499,664,0,0,23612,0,496
_ZN5Patch10zeroforcesEv,44978000,7269,89956,1,7269,0,13877,6,3957,502,664,0,0,33666,0,496
_ZN5Patch10zeroforcesEv,46887500,7577,93775,1,7577,0,14466,6,4125,523,692,0,0,33966,0,518
_ZN5Patch10zeroforcesEv,46715500,7522,93431,1,7522,0,14361,6,4095,519,687,0,0,20363,0,514
_ZN5Patch10zeroforcesEv,45798500,7369,91597,1,7369,0,14067,6,4012,503,673,0,0,23728,0,501
_ZN5Patch10zeroforcesEv,42848000,6939,85696,1,6939,0,13247,6,3777,475,634,0,0,13512,0,473
_ZN5Patch10zeroforcesEv,42090500,6751,84181,1,6751,0,12889,6,3674,463,617,0,0,26358,0,461
_ZN5Patch10zeroforcesEv,44900500,7182,89801,1,7182,0,13710,6,3910,492,656,0,0,19260,0,492
_ZN5Patch10zeroforcesEv,45003500,7247,90007,1,7247,0,13835,6,3945,496,662,0,0,23950,0,493
_ZN5Patch10zeroforcesEv,42100000,6741,84200,1,6741,0,12869,6,3669,465,616,0,0,29430,0,461
_ZN5Patch10zeroforcesEv,45738500,7335,91477,1,7335,0,14003,6,3993,502,670,0,0,33641,0,500
_ZN5Patch10zeroforcesEv,44091500,7027,88183,1,7027,0,13415,6,3825,482,642,0,0,32722,0,480
_ZN5Patch10zeroforcesEv,45142500,7202,90285,1,7202,0,13750,6,3920,495,658,0,0,20084,0,491
_ZN5Patch10zeroforcesEv,42695500,6927,85391,1,6927,0,13224,6,3770,474,633,0,0,21619,0,472
_ZN5Patch10zeroforcesEv,45630500,7269,91261,1,7269,0,13878,6,3957,498,664,0,0,19570,0,497
_ZN5Patch10zeroforcesEv,43242000,6906,86484,1,6906,0,13185,6,3759,471,631,0,0,32040,0,471
_ZN5Patch10zeroforcesEv,40679000,6543,81358,1,6543,0,12491,6,3561,451,598,0,0,14524,0,445
_ZN5Patch10zeroforcesEv,46222500,7434,92445,1,7434,0,14192,6,4047,510,679,0,0,25865,0,508
_ZN5Patch10zeroforcesEv,41685500,6675,83371,1,6675,0,12743,6,3633,461,610,0,0,21914,0,455
_ZN5Patch10zeroforcesEv,44649000,7236,89298,1,7236,0,13814,6,3939,495,661,0,0,13770,0,493
_ZN5Patch10zeroforcesEv,42368500,6830,84737,1,6830,0,13038,6,3718,471,624,0,0,5278,0,468
_ZN5Patch10zeroforcesEv,43189500,6929,86379,1,6929,0,13227,6,3772,477,633,0,0,8672,0,473
_ZN5Patch10zeroforcesEv,43726000,6972,87452,1,6972,0,13310,6,3795,478,637,0,0,31420,0,476
_ZN5Patch10zeroforcesEv,43737000,7039,87474,1,7039,0,13438,6,3832,483,643,0,0,40736,0,481
_ZN5Patch10zeroforcesEv,44269000,7072,88538,1,7072,0,13501,6,3850,487,646,0,0,31747,0,482
_ZN5Patch10zeroforcesEv,44216000,7072,88432,1,7072,0,13501,6,3850,484,646,0,0,36139,0,482
_ZN5Patch10zeroforcesEv,43594000,7038,87188,1,7038,0,13436,6,3831,486,643,0,0,29000,0,481
_ZN5Patch10zeroforcesEv,45932000,7402,91864,1,7402,0,14130,6,4030,506,676,0,0,18323,0,505
_ZN5Patch10zeroforcesEv,42097000,6775,84194,1,6775,0,12934,6,3688,465,619,0,0,12958,0,463
_ZN5Patch10zeroforcesEv,44388000,7104,88776,1,7104,0,13562,6,3867,487,649,0,0,22978,0,486
_ZN5Patch10zeroforcesEv,40752000,6576,81504,1,6576,0,12554,6,3579,451,601,0,0,34502,0,449
_ZN5Patch10zeroforcesEv,42542500,6785,85085,1,6785,0,12953,6,3693,466,620,0,0,30631,0,464
_ZN5Patch10zeroforcesEv,44486500,7148,88973,1,7148,0,13646,6,3891,490,653,0,0,17596,0,487
_ZN5Patch10zeroforcesEv,43428000,7038,86856,1,7038,0,13436,6,3831,482,643,0,0,20393,0,480
_ZN5Patch10zeroforcesEv,41913500,6740,83827,1,6740,0,12868,6,3668,462,616,0,0,8276,0,459
_ZN5Patch10zeroforcesEv,43801500,7015,87603,1,7015,0,13393,6,3818,482,641,0,0,28108,0,480
_ZN5Patch10zeroforcesEv,40174000,6477,80348,1,6477,0,12365,6,3525,448,592,0,0,35612,0,443
_ZN5Patch10zeroforcesEv,47375000,7611,94750,1,7611,0,14530,6,4144,524,695,0,0,27401,0,520
_ZN5Patch10zeroforcesEv,43565500,7059,87131,1,7059,0,13477,6,3842,486,645,0,0,28827,0,481
_ZN5Patch10zeroforcesEv,45982500,7457,91965,1,7457,0,14235,6,4060,514,681,0,0,41574,0,509
_ZN5Patch10zeroforcesEv,45118500,7204,90237,1,7204,0,13753,6,3922,495,658,0,0,25214,0,492
_ZN5Patch10zeroforcesEv,43759500,6971,87519,1,6971,0,13309,6,3794,481,637,0,0,32695,0,476
_ZN5Patch10zeroforcesEv,44155500,7104,88311,1,7104,0,13562,6,3867,487,649,0,0,16385,0,485
_ZN5Patch10zeroforcesEv,43681500,6994,87363,1,6994,0,13353,6,3807,483,639,0,0,13874,0,478
_ZN5Patch10zeroforcesEv,44908500,7302,89817,1,7302,0,13941,6,3975,500,667,0,0,10797,0,498
_ZN5Patch10zeroforcesEv,42600000,6862,85200,1,6862,0,13100,6,3735,470,627,0,0,9358,0,468
_ZN5Patch10zeroforcesEv,41311500,6674,82623,1,6674,0,12742,6,3632,463,610,0,0,4284,0,457
_ZN5Patch10zeroforcesEv,45240500,7269,90481,1,7269,0,13877,6,3957,499,664,0,0,17522,0,496
_ZN5Patch10zeroforcesEv,43613000,7006,87226,1,7006,0,13374,6,3814,481,640,0,0,17154,0,477
_ZN5Patch10zeroforcesEv,43475500,7038,86951,1,7038,0,13436,6,3831,482,643,0,0,31964,0,480
_ZN5Patch10zeroforcesEv,42477500,6839,84955,1,6839,0,13057,6,3722,469,625,0,0,30172,0,467
_ZN5Patch10zeroforcesEv,42524500,6808,85049,1,6808,0,12996,6,3706,469,622,0,0,33453,0,464
_ZN5Patch10zeroforcesEv,24327000,6851,48654,62,6851,112,13092,744,1919,516,1389,55,5,15213,209,413
_ZN5Patch10zeroforcesEv,21781000,7136,43562,10,7136,1352,13360,458,1521,564,1816,12,0,0,384,378
_ZN14ResizeArrayRawItE9resizeRawEi,1037000,273,2074,0,273,92,453,0,92,12,60,0,0,0,0,12
_ZN14ResizeArrayRawIdE9resizeRawEi,1056500,270,2113,0,270,90,450,0,90,12,60,0,0,0,0,11
_ZN14ResizeArrayRawItE9resizeRawEi,1386500,271,2773,0,271,90,453,0,90,12,62,0,0,0,0,11
_ZN14ResizeArrayRawItE9resizeRawEi,872000,273,1744,0,273,90,456,0,90,12,62,0,0,0,0,11
_ZN14ResizeArrayRawItE9resizeRawEi,1024000,274,2048,0,274,91,458,0,91,12,62,0,0,0,0,11
_ZN14ResizeArrayRawItE9resizeRawEi,887500,272,1775,5,272,262,520,3,256,19,48,9,0,0,0,16
_ZN14ResizeArrayRawItE9resizeRawEi,312500,272,625,0,272,312,543,0,312,0,39,0,0,0,0,0
_ZN14ResizeArrayRawItE9resizeRawEi,311000,273,622,0,273,312,546,0,312,0,39,0,0,0,0,0
_ZN14ResizeArrayRawItE9resizeRawEi,312500,272,625,0,272,312,545,0,312,0,39,0,0,0,0,0
_ZN11SelfCompute6doWorkEP9PatchList,7225330000,21084936,14450660,29579,21084936,19931246,15396161,5422381,1564077,878997,904094,223,16160,119489,1981,13864
_ZN14ResizeArrayRawItE9resizeRawEi,1974000,914,3948,0,914,0,2000,130,44,132,260,0,0,0,106,65
_ZN14ResizeArrayRawIdE9resizeRawEi,5733000,1682,11466,7,1682,650,3502,569,556,206,659,0,0,364,89,49
_ZN14ResizeArrayRawItE9resizeRawEi,5764500,868,11529,0,868,924,1908,580,690,116,576,0,0,522,0,0
_ZN14ResizeArrayRawItE9resizeRawEi,5796500,863,11593,0,863,920,1901,571,696,116,580,0,0,522,0,0
_ZN14ResizeArrayRawItE9resizeRawEi,5702000,859,11404,0,859,919,1889,578,684,114,570,0,0,513,0,0
_ZN14ResizeArrayRawItE9resizeRawEi,2443500,847,4887,13,847,619,1683,251,564,71,325,0,0,224,0,0
_ZN14ResizeArrayRawItE9resizeRawEi,964000,842,1928,0,842,964,1684,0,964,0,120,0,0,0,0,0
_ZN14ResizeArrayRawItE9resizeRawEi,1007500,838,2015,6,838,728,1540,59,738,38,133,0,0,2,6,2
_ZN14ResizeArrayRawItE9resizeRawEi,188000,858,376,0,858,672,582,128,32,96,16,0,0,0,0,0
_ZN11SelfCompute6doWorkEP9PatchList,7198953500,22288319,14397907,30425,22288319,21078815,16246596,5726267,1643918,846438,938439,12,14411,115904,2514,8822
_ZN11SelfCompute6doWorkEP9PatchList,5372718000,17544290,10745436,25043,17544290,16562420,12788858,4501627,1282183,656403,735844,3,11419,75932,2322,4097
_ZN11SelfCompute6doWorkEP9PatchList,6766226000,20281723,13532452,28374,20281723,19165349,14820075,5215967,1506972,744978,868867,1,11385,112260,2159,10003
_ZN11SelfCompute6doWorkEP9PatchList,7092054500,21825203,14184109,30348,21825203,20626498,15924798,5606189,1612320,884894,928057,0,16979,113392,2363,8213
_ZN11SelfCompute6doWorkEP9PatchList,7377400500,22849253,14754801,31375,22849253,21610574,16648907,5868287,1683313,881947,963117,3,14478,115124,2826,8403
_ZN11SelfCompute6doWorkEP9PatchList,7187923500,22183045,14375847,29781,22183045,20968632,16177542,5697195,1636523,918008,940759,1,17643,117823,3390,8313
_ZN11SelfCompute6doWorkEP9PatchList,6786015500,20574769,13572031,31602,20574769,19371464,15075081,5275252,1522374,801982,888555,37,12611,107534,1623,8126
_ZN11SelfCompute6doWorkEP9PatchList,6935714000,21166813,13871428,32161,21166813,19876859,15539762,5413483,1566534,825456,910070,3,14399,107765,1902,8147
_ZN11SelfCompute6doWorkEP9PatchList,7074181500,21721992,14148363,32661,21721992,20391220,15937551,5549879,1601635,845205,930613,4,14069,108986,2066,8204
_ZN11SelfCompute6doWorkEP9PatchList,6796418500,20682628,13592837,28536,20682628,19515546,15129462,5311345,1536775,753484,883686,3,12001,108758,3005,8156
_ZN11SelfCompute6doWorkEP9PatchList,7031851500,21619997,14063703,30466,21619997,20415372,15788575,5550799,1597559,858020,922032,3,15395,114069,3041,8191
_ZN11SelfCompute6doWorkEP9PatchList,6705159000,20330617,13410318,28416,20330617,19216326,14851247,5229339,1510386,754074,871249,2,11800,110395,3681,7960
_ZN11SelfCompute6doWorkEP9PatchList,6793364000,20628098,13586728,31174,20628098,19333111,15179214,5269867,1532212,782592,893011,2,13677,113584,1726,8058
_ZN11SelfCompute6doWorkEP9PatchList,7103010500,21745042,14206021,33159,21745042,20305885,16036302,5532475,1613075,833164,940243,7,14003,115468,1945,8223
_ZN11SelfCompute6doWorkEP9PatchList,7511178000,23260010,15022356,34368,23260010,21766330,17104525,5921020,1717896,851257,995228,0,13947,110289,2165,8486
_ZN11SelfCompute6doWorkEP9PatchList,6984851000,21334147,13969702,30807,21334147,20017817,15672713,5450802,1581660,815878,917143,2,13888,110594,2578,8278
