_ZN26ComputeNonbondedWorkArraysC1Ev,2755000,4813,5510,6,4813,0,4850,881,1004,26,835,19,0,0,0,32
_ZN13SimParametersC1Ev,848000,157,1696,0,157,0,168,3,151,81,3,11,0,0,0,23
_ZN13SimParameters8setparamEPKcS1_,13545000,5469,27090,219,5469,0,5194,1087,812,109,1383,239,3,0,4,213
_ZN13SimParameters8setparamEPKcS1_,2145000,5573,4290,112,5573,0,5296,1120,812,0,1271,15,0,0,0,5
_ZN13SimParameters8setparamEPKcS1_,2595000,5703,5190,89,5703,0,5469,1174,838,6,1268,19,0,0,102,15
_ZN13SimParameters8setparamEPKcS1_,1320500,4538,2641,34,4538,0,4237,973,675,0,1011,5,0,0,0,0
_ZN13SimParameters8setparamEPKcS1_,418500,319,837,17,319,0,317,79,32,19,123,13,0,131,0,4
_ZN13SimParameters8setparamEPKcS1_,145500,332,291,9,332,0,329,82,32,0,122,2,0,0,0,1
_ZN13SimParameters8setparamEPKcS1_,510500,592,1021,21,592,0,593,137,81,5,171,7,0,0,0,6
_ZN13SimParameters8setparamEPKcS1_,128000,293,256,8,293,0,287,66,32,0,105,0,0,0,0,0
_ZN13SimParameters8setparamEPKcS1_,258000,600,516,18,600,0,599,137,81,2,160,3,0,0,0,3
_Z11parse_paramPKcS0_S0_Rd,184500,537,369,8,537,0,543,130,73,0,129,1,0,0,0,1
_ZN13SimParameters8setparamEPKcS1_,155500,194,311,5,194,0,194,48,12,0,78,1,0,0,0,1
_Z11parse_paramPKcS0_S0_Rd,16000,16,32,2,16,0,23,5,4,0,7,1,0,0,0,1
_Z11parse_paramPKcS0_S0_Rd,210000,499,420,12,499,0,501,113,73,0,118,2,0,0,0,1
_ZN13SimParameters8setparamEPKcS1_,102500,170,205,8,170,0,168,37,12,0,81,0,0,0,0,0
_Z11parse_paramPKcS0_S0_Rd,13000,17,26,1,17,0,24,5,4,0,9,0,0,0,0,0
_Z11parse_paramPKcS0_S0_Rd,11000,18,22,1,18,0,24,5,4,0,9,0,0,0,0,0
_Z11parse_paramPKcS0_S0_Ri,118500,239,237,9,239,0,239,61,24,0,90,0,0,0,0,0
_ZN13SimParameters8setparamEPKcS1_,75000,157,150,5,157,0,154,31,12,0,62,0,0,0,0,0
_Z11parse_paramPKcS0_S0_Rd,7500,17,15,0,17,0,23,4,4,0,6,0,0,0,0,0
_Z11parse_paramPKcS0_S0_Rd,9000,18,18,1,18,0,23,4,4,0,7,0,0,0,0,0
_Z11parse_paramPKcS0_S0_Ri,64500,71,129,6,71,0,77,21,4,0,40,0,0,0,0,0
_Z11parse_paramPKcS0_S0_Rd,184000,540,368,8,540,0,540,125,73,0,124,1,0,0,0,1
_ZN13SimParameters8setparamEPKcS1_,64000,166,128,3,166,0,165,37,12,0,64,0,0,0,0,0
_Z11parse_paramPKcS0_S0_Rd,8500,17,17,0,17,0,24,5,4,0,9,0,0,0,0,0
_Z11parse_paramPKcS0_S0_Rd,8500,17,17,0,17,0,24,5,4,0,9,0,0,0,0,0
_Z11parse_paramPKcS0_S0_Ri,7500,17,15,0,17,0,24,5,4,0,9,0,0,0,0,0
_Z11parse_paramPKcS0_S0_Rd,9000,18,18,1,18,0,24,5,4,0,9,0,0,0,0,0
_Z11parse_paramPKcS0_S0_Rd,592000,1001,1184,34,1001,0,1039,202,151,14,245,0,3,0,0,3
_ZN13SimParameters8setparamEPKcS1_,77500,166,155,6,166,0,158,29,12,0,57,0,0,0,0,0
_Z11parse_paramPKcS0_S0_Rd,8500,17,17,0,17,0,24,5,4,0,9,0,0,0,0,0
_Z11parse_paramPKcS0_S0_Rd,8500,17,17,0,17,0,24,5,4,0,8,0,0,0,0,0
_Z11parse_paramPKcS0_S0_Ri,6500,17,13,0,17,0,23,4,4,0,6,0,0,0,0,0
_Z11parse_paramPKcS0_S0_Rd,6500,17,13,0,17,0,23,4,4,0,7,0,0,0,0,0
_Z11parse_paramPKcS0_S0_Rd,9000,18,18,1,18,0,24,5,4,0,8,1,0,0,0,1
_Z11parse_paramPKcS0_S0_Ri,108000,185,216,8,185,0,185,43,24,0,64,1,0,0,0,1
_ZN13SimParameters8setparamEPKcS1_,67500,173,135,4,173,0,165,31,12,0,57,0,0,0,0,0
_Z11parse_paramPKcS0_S0_Rd,7500,17,15,0,17,0,23,4,4,0,6,0,0,0,0,0
_Z11parse_paramPKcS0_S0_Rd,7500,17,15,0,17,0,23,4,4,0,6,0,0,0,0,0
_Z11parse_paramPKcS0_S0_Ri,6500,17,13,0,17,0,23,4,4,0,7,0,0,0,0,0
_Z11parse_paramPKcS0_S0_Rd,7500,17,15,0,17,0,24,5,4,0,8,0,0,0,0,0
_Z11parse_paramPKcS0_S0_Rd,8000,18,16,1,18,0,23,4,4,0,6,0,0,0,0,0
_Z11parse_paramPKcS0_S0_Ri,25000,41,50,3,41,0,45,10,4,0,18,0,0,0,0,0
_Z11parse_paramPKcS0_S0_Rd,269000,232,538,6,232,0,244,65,36,0,68,5,0,0,0,5
_ZN13SimParameters8setparamEPKcS1_,65000,181,130,1,181,0,177,37,12,0,62,0,0,0,0,0
_Z11parse_paramPKcS0_S0_Rd,7500,17,15,0,17,0,23,4,4,0,6,0,0,0,0,0
_Z11parse_paramPKcS0_S0_Rd,7500,17,15,0,17,0,23,4,4,0,6,0,0,0,0,0
_Z11parse_paramPKcS0_S0_Ri,6500,17,13,0,17,0,23,4,4,0,6,0,0,0,0,0
_Z11parse_paramPKcS0_S0_Rd,6500,17,13,0,17,0,23,4,4,0,6,0,0,0,0,0
_Z11parse_paramPKcS0_S0_Rd,8000,18,16,1,18,0,23,4,4,0,6,0,0,0,0,0
_Z11parse_paramPKcS0_S0_Ri,17500,40,35,1,40,0,45,10,4,0,17,0,0,0,0,0
_Z11parse_paramPKcS0_S0_Rd,31500,77,63,3,77,0,80,21,4,0,28,1,0,0,0,1
_Z11parse_paramPKcS0_S0_Rd,81000,238,162,4,238,0,250,67,36,0,68,0,0,0,0,0
_ZN13SimParameters8setparamEPKcS1_,63500,188,127,0,188,0,187,42,12,0,70,0,0,0,0,0
_Z11parse_paramPKcS0_S0_Rd,7500,17,15,0,17,0,23,4,4,0,6,0,0,0,0,0
_Z11parse_paramPKcS0_S0_Rd,7500,17,15,0,17,0,23,4,4,0,6,0,0,0,0,0
_Z11parse_paramPKcS0_S0_Ri,6500,17,13,0,17,0,23,4,4,0,6,0,0,0,0,0
_Z11parse_paramPKcS0_S0_Rd,6500,17,13,0,17,0,23,4,4,0,6,0,0,0,0,0
_Z11parse_paramPKcS0_S0_Rd,8000,18,16,1,18,0,23,4,4,0,6,0,0,0,0,0
_Z11parse_paramPKcS0_S0_Ri,20000,47,40,2,47,0,51,12,4,0,19,0,0,0,0,0
_Z11parse_paramPKcS0_S0_Rd,23500,41,47,1,41,0,47,11,4,0,17,0,0,0,0,0
_Z11parse_paramPKcS0_S0_Rd,23000,40,46,2,40,0,44,9,4,0,15,0,0,0,0,0
_Z11parse_paramPKcS0_S0_Ri,75000,214,150,4,214,0,212,51,24,0,64,0,0,0,0,0
_ZN13SimParameters8setparamEPKcS1_,67000,195,134,1,195,0,194,45,12,0,74,0,0,0,0,0
_Z11parse_paramPKcS0_S0_Rd,7500,17,15,0,17,0,23,4,4,0,6,0,0,0,0,0
_Z11parse_paramPKcS0_S0_Rd,7500,17,15,0,17,0,23,4,4,0,6,0,0,0,0,0
_Z11parse_paramPKcS0_S0_Ri,6500,17,13,0,17,0,23,4,4,0,6,0,0,0,0,0
_Z11parse_paramPKcS0_S0_Rd,6500,17,13,0,17,0,23,4,4,0,6,0,0,0,0,0
_Z11parse_paramPKcS0_S0_Rd,8000,18,16,1,18,0,23,4,4,0,6,0,0,0,0,0
_Z11parse_paramPKcS0_S0_Ri,17500,40,35,1,40,0,45,10,4,0,17,0,0,0,0,0
_Z11parse_paramPKcS0_S0_Rd,17000,40,34,1,40,0,44,9,4,0,15,0,0,0,0,0
_Z11parse_paramPKcS0_S0_Rd,17500,40,35,1,40,0,44,9,4,0,18,0,0,0,0,0
_Z11parse_paramPKcS0_S0_Ri,9500,40,19,0,40,0,44,9,4,0,10,0,0,0,0,0
_Z11parse_paramPKcS0_S0_Ri,182500,232,365,8,232,0,230,57,24,9,85,2,2,0,1,2
_ZN13SimParameters8setparamEPKcS1_,58500,206,117,0,206,0,206,51,12,0,73,0,0,0,0,0
_Z11parse_paramPKcS0_S0_Rd,7500,17,15,0,17,0,23,4,4,0,6,0,0,0,0,0
_Z11parse_paramPKcS0_S0_Rd,7500,17,15,0,17,0,23,4,4,0,6,0,0,0,0,0
_Z11parse_paramPKcS0_S0_Ri,6500,17,13,0,17,0,23,4,4,0,6,0,0,0,0,0
_Z11parse_paramPKcS0_S0_Rd,6500,17,13,0,17,0,23,4,4,0,6,0,0,0,0,0
_Z11parse_paramPKcS0_S0_Rd,8000,18,16,1,18,0,23,4,4,0,6,0,0,0,0,0
_Z11parse_paramPKcS0_S0_Ri,10000,40,20,0,40,0,45,10,4,0,14,0,0,0,0,0
_Z11parse_paramPKcS0_S0_Rd,11500,40,23,0,40,0,44,9,4,0,13,0,0,0,0,0
_Z11parse_paramPKcS0_S0_Rd,10500,40,21,0,40,0,44,9,4,0,13,0,0,0,0,0
_Z11parse_paramPKcS0_S0_Ri,11000,40,22,0,40,0,44,9,4,0,13,0,0,0,0,0
_Z11parse_paramPKcS0_S0_Ri,108000,40,216,0,40,0,44,9,4,1,18,1,0,0,0,2
_Z11parse_paramPKcS0_S0_Ri,72000,250,144,3,250,0,248,63,24,0,68,0,0,0,0,0
_ZN13SimParameters8setparamEPKcS1_,61000,214,122,0,214,0,215,55,12,0,76,0,0,0,0,0
_Z11parse_paramPKcS0_S0_Rd,7500,17,15,0,17,0,23,4,4,0,6,0,0,0,0,0
_Z11parse_paramPKcS0_S0_Rd,7500,17,15,0,17,0,23,4,4,0,6,0,0,0,0,0
_Z11parse_paramPKcS0_S0_Ri,6500,17,13,0,17,0,23,4,4,0,6,0,0,0,0,0
_Z11parse_paramPKcS0_S0_Rd,8000,18,16,1,18,0,23,4,4,0,6,0,0,0,0,0
_Z11parse_paramPKcS0_S0_Rd,12000,23,24,0,23,0,29,5,4,0,11,0,0,0,0,0
_Z11parse_paramPKcS0_S0_Ri,7500,17,15,0,17,0,24,5,4,0,8,0,0,0,0,0
_Z11parse_paramPKcS0_S0_Rd,7500,17,15,0,17,0,23,4,4,0,6,0,0,0,0,0
_Z11parse_paramPKcS0_S0_Rd,6500,17,13,0,17,0,23,4,4,0,6,0,0,0,0,0
_Z11parse_paramPKcS0_S0_Ri,7000,17,14,0,17,0,23,4,4,0,6,0,0,0,0,0
_Z11parse_paramPKcS0_S0_Ri,6500,17,13,0,17,0,23,4,4,0,6,0,0,0,0,0
_Z11parse_paramPKcS0_S0_Ri,9000,18,18,1,18,0,23,4,4,0,6,0,0,0,0,0
_Z11parse_paramPKcS0_S0_Ri,77500,250,155,3,250,0,249,64,24,0,75,0,0,0,0,0
_ZN13SimParameters8setparamEPKcS1_,73500,215,147,2,215,0,205,41,12,0,72,0,0,0,0,0
_Z11parse_paramPKcS0_S0_Rd,7500,17,15,0,17,0,23,4,4,0,6,0,0,0,0,0
_Z11parse_paramPKcS0_S0_Rd,7500,17,15,0,17,0,23,4,4,0,6,0,0,0,0,0
_Z11parse_paramPKcS0_S0_Ri,6500,17,13,0,17,0,23,4,4,0,6,0,0,0,0,0
_Z11parse_paramPKcS0_S0_Rd,8000,18,16,1,18,0,23,4,4,0,6,0,0,0,0,0
_Z11parse_paramPKcS0_S0_Rd,11500,23,23,0,23,0,29,5,4,0,10,0,0,0,0,0
_Z11parse_paramPKcS0_S0_Ri,6000,17,12,0,17,0,24,5,4,0,6,0,0,0,0,0
_Z11parse_paramPKcS0_S0_Rd,7500,17,15,0,17,0,23,4,4,0,6,0,0,0,0,0
_Z11parse_paramPKcS0_S0_Rd,6500,17,13,0,17,0,23,4,4,0,6,0,0,0,0,0
_Z11parse_paramPKcS0_S0_Ri,7000,17,14,0,17,0,23,4,4,0,6,0,0,0,0,0
_Z11parse_paramPKcS0_S0_Ri,6500,17,13,0,17,0,23,4,4,0,6,0,0,0,0,0
_Z11parse_paramPKcS0_S0_Ri,9000,18,18,1,18,0,23,4,4,0,6,0,0,0,0,0
_Z11parse_paramPKcS0_S0_Ri,28500,106,57,1,106,0,111,32,4,0,39,0,0,0,0,0
_Z11parse_paramPKcS0_S0_Ri,150500,290,301,3,290,0,283,71,24,7,90,1,1,0,0,2
_ZN13SimParameters8setparamEPKcS1_,71500,223,143,1,223,0,214,45,12,0,77,0,0,0,0,0
_Z11parse_paramPKcS0_S0_Rd,7500,17,15,0,17,0,23,4,4,0,6,0,0,0,0,0
_Z11parse_paramPKcS0_S0_Rd,7500,17,15,0,17,0,23,4,4,0,6,0,0,0,0,0
_Z11parse_paramPKcS0_S0_Ri,6500,17,13,0,17,0,23,4,4,0,6,0,0,0,0,0
_Z11parse_paramPKcS0_S0_Rd,8000,18,16,1,18,0,23,4,4,0,6,0,0,0,0,0
_Z11parse_paramPKcS0_S0_Rd,11500,23,23,0,23,0,29,5,4,0,10,0,0,0,0,0
_Z11parse_paramPKcS0_S0_Ri,6000,17,12,0,17,0,24,5,4,0,6,0,0,0,0,0
_Z11parse_paramPKcS0_S0_Rd,7500,17,15,0,17,0,23,4,4,0,6,0,0,0,0,0
_Z11parse_paramPKcS0_S0_Rd,6500,17,13,0,17,0,23,4,4,0,6,0,0,0,0,0
_Z11parse_paramPKcS0_S0_Ri,7000,17,14,0,17,0,23,4,4,0,6,0,0,0,0,0
_Z11parse_paramPKcS0_S0_Ri,6500,17,13,0,17,0,23,4,4,0,6,0,0,0,0,0
_Z11parse_paramPKcS0_S0_Ri,9000,18,18,1,18,0,23,4,4,0,6,0,0,0,0,0
_Z11parse_paramPKcS0_S0_Ri,28500,106,57,1,106,0,111,32,4,0,39,0,0,0,0,0
_Z11parse_paramPKcS0_S0_Ri,28000,106,56,1,106,0,110,31,4,0,38,0,0,0,0,0
_Z11parse_paramPKcS0_S0_Ri,68000,262,136,2,262,0,260,67,24,0,74,0,0,0,0,0
_ZN13SimParameters8setparamEPKcS1_,73000,231,146,1,231,0,223,49,12,0,80,0,0,0,0,0
_Z11parse_paramPKcS0_S0_Rd,7500,17,15,0,17,0,23,4,4,0,6,0,0,0,0,0
_Z11parse_paramPKcS0_S0_Rd,7500,17,15,0,17,0,23,4,4,0,6,0,0,0,0,0
_Z11parse_paramPKcS0_S0_Ri,6500,17,13,0,17,0,23,4,4,0,6,0,0,0,0,0
_Z11parse_paramPKcS0_S0_Rd,6500,17,13,0,17,0,23,4,4,0,6,0,0,0,0,0
_Z11parse_paramPKcS0_S0_Rd,6500,17,13,0,17,0,23,4,4,0,6,0,0,0,0,0
_Z11parse_paramPKcS0_S0_Ri,6500,17,13,0,17,0,23,4,4,0,6,0,0,0,0,0
_Z11parse_paramPKcS0_S0_Rd,7500,17,15,0,17,0,23,4,4,0,6,0,0,0,0,0
_Z11parse_paramPKcS0_S0_Rd,6500,17,13,0,17,0,23,4,4,0,6,0,0,0,0,0
_Z11parse_paramPKcS0_S0_Ri,7000,17,14,0,17,0,23,4,4,0,6,0,0,0,0,0
_Z11parse_paramPKcS0_S0_Ri,6500,17,13,0,17,0,23,4,4,0,6,0,0,0,0,0
_Z11parse_paramPKcS0_S0_Ri,7500,17,15,0,17,0,23,4,4,0,6,0,0,0,0,0
_Z11parse_paramPKcS0_S0_Ri,8000,17,16,0,17,0,23,4,4,0,6,0,0,0,0,0
_Z11parse_paramPKcS0_S0_Ri,6500,17,13,0,17,0,23,4,4,0,6,0,0,0,0,0
_Z11parse_paramPKcS0_S0_Ri,9000,18,18,1,18,0,23,4,4,0,7,1,0,0,0,1
_Z11parse_paramPKcS0_S0_Ri,62500,178,125,3,178,0,177,40,24,0,50,0,0,0,0,0
_ZN13SimParameters8setparamEPKcS1_,68500,236,137,0,236,0,224,44,12,0,81,0,0,0,0,0
_Z11parse_paramPKcS0_S0_Rd,7500,17,15,0,17,0,23,4,4,0,6,0,0,0,0,0
_Z11parse_paramPKcS0_S0_Rd,7500,17,15,0,17,0,23,4,4,0,6,0,0,0,0,0
_Z11parse_paramPKcS0_S0_Ri,6500,17,13,0,17,0,23,4,4,0,6,0,0,0,0,0
_Z11parse_paramPKcS0_S0_Rd,6500,17,13,0,17,0,23,4,4,0,6,0,0,0,0,0
_Z11parse_paramPKcS0_S0_Rd,6500,17,13,0,17,0,23,4,4,0,6,0,0,0,0,0
_Z11parse_paramPKcS0_S0_Ri,6500,17,13,0,17,0,23,4,4,0,6,0,0,0,0,0
_Z11parse_paramPKcS0_S0_Rd,7500,17,15,0,17,0,23,4,4,0,6,0,0,0,0,0
_Z11parse_paramPKcS0_S0_Rd,6500,17,13,0,17,0,23,4,4,0,6,0,0,0,0,0
_Z11parse_paramPKcS0_S0_Ri,7000,17,14,0,17,0,23,4,4,0,6,0,0,0,0,0
_Z11parse_paramPKcS0_S0_Ri,6500,17,13,0,17,0,23,4,4,0,6,0,0,0,0,0
_Z11parse_paramPKcS0_S0_Ri,7500,17,15,0,17,0,23,4,4,0,6,0,0,0,0,0
_Z11parse_paramPKcS0_S0_Ri,8000,17,16,0,17,0,23,4,4,0,6,0,0,0,0,0
_Z11parse_paramPKcS0_S0_Ri,6500,17,13,0,17,0,23,4,4,0,6,0,0,0,0,0
_Z11parse_paramPKcS0_S0_Ri,9000,18,18,1,18,0,23,4,4,0,7,0,0,0,0,0
_Z11parse_paramPKcS0_S0_Ri,16500,34,33,1,34,0,39,8,4,0,15,0,0,0,0,0
_Z11parse_paramPKcS0_S0_Ri,66000,202,132,3,202,0,200,47,24,0,58,0,0,0,0,0
_ZN13SimParameters8setparamEPKcS1_,68500,245,137,0,245,0,233,48,12,0,81,0,0,0,0,0
_Z11parse_paramPKcS0_S0_Rd,7500,17,15,0,17,0,23,4,4,0,6,0,0,0,0,0
_Z11parse_paramPKcS0_S0_Rd,7500,17,15,0,17,0,23,4,4,0,6,0,0,0,0,0
_Z11parse_paramPKcS0_S0_Ri,6500,17,13,0,17,0,23,4,4,0,6,0,0,0,0,0
_Z11parse_paramPKcS0_S0_Rd,8000,18,16,1,18,0,23,4,4,0,6,0,0,0,0,0
_Z11parse_paramPKcS0_S0_Rd,21500,41,43,2,41,0,45,10,4,0,19,0,0,0,0,0
_Z11parse_paramPKcS0_S0_Ri,10500,18,21,1,18,0,24,5,4,0,7,0,0,0,0,0
_Z11parse_paramPKcS0_S0_Rd,6000,17,12,0,17,0,24,5,4,0,7,0,0,0,0,0
_Z11parse_paramPKcS0_S0_Rd,6000,17,12,0,17,0,24,5,4,0,6,0,0,0,0,0
_Z11parse_paramPKcS0_S0_Ri,6000,17,12,0,17,0,24,5,4,0,6,0,0,0,0,0
_Z11parse_paramPKcS0_S0_Ri,6500,17,13,0,17,0,23,4,4,0,6,0,0,0,0,0
_Z11parse_paramPKcS0_S0_Ri,9000,18,18,1,18,0,23,4,4,0,6,0,0,0,0,0
_Z11parse_paramPKcS0_S0_Ri,13500,24,27,1,24,0,29,5,4,0,10,0,0,0,0,0
_Z11parse_paramPKcS0_S0_Ri,6500,20,13,0,20,0,26,5,4,0,7,0,0,0,0,0
_Z11parse_paramPKcS0_S0_Ri,8500,20,17,0,20,0,26,5,4,0,8,0,0,0,0,0
_Z11parse_paramPKcS0_S0_Ri,9500,18,19,1,18,0,23,4,4,0,6,0,0,0,0,0
_Z11parse_paramPKcS0_S0_Ri,8000,18,16,1,18,0,24,5,4,0,6,1,0,0,0,1
_Z11parse_paramPKcS0_S0_Ri,137500,250,275,3,250,0,249,64,24,4,79,0,1,0,0,1
_ZN13SimParameters8setparamEPKcS1_,102000,251,204,1,251,0,239,46,12,0,96,0,0,0,0,0
_Z11parse_paramPKcS0_S0_Rd,7500,17,15,0,17,0,23,4,4,0,6,0,0,0,0,0
_Z11parse_paramPKcS0_S0_Rd,7500,17,15,0,17,0,23,4,4,0,6,0,0,0,0,0
_Z11parse_paramPKcS0_S0_Ri,6500,17,13,0,17,0,23,4,4,0,6,0,0,0,0,0
_Z11parse_paramPKcS0_S0_Rd,8000,18,16,1,18,0,23,4,4,0,6,0,0,0,0,0
_Z11parse_paramPKcS0_S0_Rd,21500,41,43,2,41,0,45,10,4,0,19,0,0,0,0,0
_Z11parse_paramPKcS0_S0_Ri,6000,17,12,0,17,0,24,5,4,0,6,0,0,0,0,0
_Z11parse_paramPKcS0_S0_Rd,6000,17,12,0,17,0,24,5,4,0,6,0,0,0,0,0
_Z11parse_paramPKcS0_S0_Rd,6000,17,12,0,17,0,24,5,4,0,6,0,0,0,0,0
_Z11parse_paramPKcS0_S0_Ri,7000,17,14,0,17,0,23,4,4,0,6,0,0,0,0,0
_Z11parse_paramPKcS0_S0_Ri,6500,17,13,0,17,0,23,4,4,0,6,0,0,0,0,0
_Z11parse_paramPKcS0_S0_Ri,9000,18,18,1,18,0,23,4,4,0,6,0,0,0,0,0
_Z11parse_paramPKcS0_S0_Ri,13500,24,27,1,24,0,29,5,4,0,10,0,0,0,0,0
_Z11parse_paramPKcS0_S0_Ri,6500,20,13,0,20,0,26,5,4,0,7,0,0,0,0,0
_Z11parse_paramPKcS0_S0_Ri,8500,20,17,0,20,0,26,5,4,0,8,0,0,0,0,0
_Z11parse_paramPKcS0_S0_Ri,6500,17,13,0,17,0,23,4,4,0,6,0,0,0,0,0
_Z11parse_paramPKcS0_S0_Ri,8500,18,17,1,18,0,23,4,4,0,6,0,0,0,0,0
_Z11parse_paramPKcS0_S0_Ri,36000,107,72,3,107,0,111,32,4,0,39,0,0,0,0,0
_Z11parse_paramPKcS0_S0_Ri,79000,274,158,3,274,0,273,72,24,0,84,0,0,0,0,0
_ZN13SimParameters8setparamEPKcS1_,99500,261,199,1,261,0,249,51,12,0,93,0,0,0,0,0
_Z11parse_paramPKcS0_S0_Rd,7500,17,15,0,17,0,23,4,4,0,6,0,0,0,0,0
_Z11parse_paramPKcS0_S0_Rd,7500,17,15,0,17,0,23,4,4,0,6,0,0,0,0,0
_Z11parse_paramPKcS0_S0_Ri,6500,17,13,0,17,0,23,4,4,0,6,0,0,0,0,0
_Z11parse_paramPKcS0_S0_Rd,8000,18,16,1,18,0,23,4,4,0,6,0,0,0,0,0
_Z11parse_paramPKcS0_S0_Rd,21500,41,43,2,41,0,45,10,4,0,19,0,0,0,0,0
_Z11parse_paramPKcS0_S0_Ri,6000,17,12,0,17,0,24,5,4,0,6,0,0,0,0,0
_Z11parse_paramPKcS0_S0_Rd,6000,17,12,0,17,0,24,5,4,0,6,0,0,0,0,0
_Z11parse_paramPKcS0_S0_Rd,6000,17,12,0,17,0,24,5,4,0,6,0,0,0,0,0
_Z11parse_paramPKcS0_S0_Ri,7000,17,14,0,17,0,23,4,4,0,6,0,0,0,0,0
_Z11parse_paramPKcS0_S0_Ri,6500,17,13,0,17,0,23,4,4,0,6,0,0,0,0,0
_Z11parse_paramPKcS0_S0_Ri,9000,18,18,1,18,0,23,4,4,0,6,0,0,0,0,0
_Z11parse_paramPKcS0_S0_Ri,11500,23,23,0,23,0,29,5,4,0,11,0,0,0,0,0
_Z11parse_paramPKcS0_S0_Ri,7000,20,14,0,20,0,26,5,4,0,8,0,0,0,0,0
_Z11parse_paramPKcS0_S0_Ri,8500,20,17,0,20,0,26,5,4,0,8,0,0,0,0,0
_Z11parse_paramPKcS0_S0_Ri,6500,17,13,0,17,0,23,4,4,0,6,0,0,0,0,0
_Z11parse_paramPKcS0_S0_Ri,8500,18,17,1,18,0,23,4,4,0,6,0,0,0,0,0
_Z11parse_paramPKcS0_S0_Ri,28500,106,57,1,106,0,111,32,4,0,39,0,0,0,0,0
_Z11parse_paramPKcS0_S0_Ri,33000,136,66,1,136,0,140,41,4,0,47,0,0,0,0,0
_Z11parse_paramPKcS0_S0_Ri,85500,271,171,5,271,0,269,71,23,0,82,0,0,0,0,0
_ZN13SimParameters8setparamEPKcS1_,92500,270,185,1,270,0,259,56,12,0,94,0,0,0,0,0
_Z11parse_paramPKcS0_S0_Rd,7500,17,15,0,17,0,23,4,4,0,6,0,0,0,0,0
_Z11parse_paramPKcS0_S0_Rd,7500,17,15,0,17,0,23,4,4,0,6,0,0,0,0,0
_Z11parse_paramPKcS0_S0_Ri,6500,17,13,0,17,0,23,4,4,0,6,0,0,0,0,0
_Z11parse_paramPKcS0_S0_Rd,8000,18,16,1,18,0,23,4,4,0,6,0,0,0,0,0
_Z11parse_paramPKcS0_S0_Rd,10000,40,20,0,40,0,45,10,4,0,15,0,0,0,0,0
_Z11parse_paramPKcS0_S0_Ri,6500,17,13,0,17,0,23,4,4,0,6,0,0,0,0,0
_Z11parse_paramPKcS0_S0_Rd,7500,17,15,0,17,0,23,4,4,0,6,0,0,0,0,0
_Z11parse_paramPKcS0_S0_Rd,6500,17,13,0,17,0,23,4,4,0,6,0,0,0,0,0
_Z11parse_paramPKcS0_S0_Ri,7000,17,14,0,17,0,23,4,4,0,6,0,0,0,0,0
_Z11parse_paramPKcS0_S0_Ri,6500,17,13,0,17,0,23,4,4,0,6,0,0,0,0,0
_Z11parse_paramPKcS0_S0_Ri,9000,18,18,1,18,0,23,4,4,0,6,0,0,0,0,0
_Z11parse_paramPKcS0_S0_Ri,12000,23,24,0,23,0,29,5,4,0,10,0,0,0,0,0
_Z11parse_paramPKcS0_S0_Ri,7500,20,15,0,20,0,26,5,4,0,8,0,0,0,0,0
_Z11parse_paramPKcS0_S0_Ri,8500,20,17,0,20,0,26,5,4,0,8,0,0,0,0,0
_Z11parse_paramPKcS0_S0_Ri,6500,17,13,0,17,0,23,4,4,0,6,0,0,0,0,0
_Z11parse_paramPKcS0_S0_Ri,8500,18,17,1,18,0,23,4,4,0,6,0,0,0,0,0
_Z11parse_paramPKcS0_S0_Ri,28500,106,57,1,106,0,111,32,4,0,39,0,0,0,0,0
_Z11parse_paramPKcS0_S0_Ri,28000,106,56,1,106,0,110,31,4,0,37,0,0,0,0,0
_Z11parse_paramPKcS0_S0_Ri,28500,106,57,1,106,0,110,31,4,0,39,0,0,0,0,0
_Z11parse_paramPKcS0_S0_Ri,131000,262,262,2,262,0,260,67,24,10,72,1,3,0,0,2
_ZN13SimParameters8setparamEPKcS1_,90000,279,180,1,279,0,271,63,12,0,96,0,0,0,0,0
_Z11parse_paramPKcS0_S0_Rd,7500,17,15,0,17,0,23,4,4,0,6,0,0,0,0,0
_Z11parse_paramPKcS0_S0_Rd,7500,17,15,0,17,0,23,4,4,0,6,0,0,0,0,0
_Z11parse_paramPKcS0_S0_Ri,6500,17,13,0,17,0,23,4,4,0,6,0,0,0,0,0
_Z11parse_paramPKcS0_S0_Rd,6500,17,13,0,17,0,23,4,4,0,6,0,0,0,0,0
_Z11parse_paramPKcS0_S0_Rd,6500,17,13,0,17,0,23,4,4,0,6,0,0,0,0,0
_Z11parse_paramPKcS0_S0_Ri,6500,17,13,0,17,0,23,4,4,0,6,0,0,0,0,0
_Z11parse_paramPKcS0_S0_Rd,7500,17,15,0,17,0,23,4,4,0,6,0,0,0,0,0
_Z11parse_paramPKcS0_S0_Rd,6500,17,13,0,17,0,23,4,4,0,6,0,0,0,0,0
_Z11parse_paramPKcS0_S0_Ri,7000,17,14,0,17,0,23,4,4,0,6,0,0,0,0,0
_Z11parse_paramPKcS0_S0_Ri,6500,17,13,0,17,0,23,4,4,0,6,0,0,0,0,0
_Z11parse_paramPKcS0_S0_Ri,7500,17,15,0,17,0,23,4,4,0,6,0,0,0,0,0
_Z11parse_paramPKcS0_S0_Ri,8000,17,16,0,17,0,23,4,4,0,6,0,0,0,0,0
_Z11parse_paramPKcS0_S0_Ri,6500,17,13,0,17,0,23,4,4,0,6,0,0,0,0,0
_Z11parse_paramPKcS0_S0_Ri,7500,17,15,0,17,0,23,4,4,0,7,0,0,0,0,0
_Z11parse_paramPKcS0_S0_Ri,6500,17,13,0,17,0,23,4,4,0,6,0,0,0,0,0
_Z11parse_paramPKcS0_S0_Ri,7000,17,14,0,17,0,23,4,4,0,6,0,0,0,0,0
_Z11parse_paramPKcS0_S0_Ri,6500,17,13,0,17,0,23,4,4,0,6,0,0,0,0,0
_Z11parse_paramPKcS0_S0_Ri,7500,17,15,0,17,0,23,4,4,0,6,0,0,0,0,0
_Z11parse_paramPKcS0_S0_Ri,6500,17,13,0,17,0,23,4,4,0,6,0,0,0,0,0
_Z11parse_paramPKcS0_S0_Ri,8000,18,16,1,18,0,23,4,4,0,6,0,0,0,0,0
_Z11parse_paramPKcS0_S0_Ri,72500,220,145,3,220,0,219,54,24,0,65,0,0,0,0,0
_ZN13SimParameters8setparamEPKcS1_,85000,284,170,1,284,0,266,52,12,0,98,0,0,0,0,0
_Z11parse_paramPKcS0_S0_Rd,7500,17,15,0,17,0,23,4,4,0,6,0,0,0,0,0
_Z11parse_paramPKcS0_S0_Rd,7500,17,15,0,17,0,23,4,4,0,6,0,0,0,0,0
_Z11parse_paramPKcS0_S0_Ri,6500,17,13,0,17,0,23,4,4,0,6,0,0,0,0,0
_Z11parse_paramPKcS0_S0_Rd,6500,17,13,0,17,0,23,4,4,0,6,0,0,0,0,0
_Z11parse_paramPKcS0_S0_Rd,6500,17,13,0,17,0,23,4,4,0,6,0,0,0,0,0
_Z11parse_paramPKcS0_S0_Ri,6500,17,13,0,17,0,23,4,4,0,6,0,0,0,0,0
_Z11parse_paramPKcS0_S0_Rd,7500,17,15,0,17,0,23,4,4,0,6,0,0,0,0,0
_Z11parse_paramPKcS0_S0_Rd,6500,17,13,0,17,0,23,4,4,0,6,0,0,0,0,0
_Z11parse_paramPKcS0_S0_Ri,7000,17,14,0,17,0,23,4,4,0,6,0,0,0,0,0
_Z11parse_paramPKcS0_S0_Ri,6500,17,13,0,17,0,23,4,4,0,6,0,0,0,0,0
_Z11parse_paramPKcS0_S0_Ri,7500,17,15,0,17,0,23,4,4,0,6,0,0,0,0,0
_Z11parse_paramPKcS0_S0_Ri,8000,17,16,0,17,0,23,4,4,0,6,0,0,0,0,0
_Z11parse_paramPKcS0_S0_Ri,6500,17,13,0,17,0,23,4,4,0,6,0,0,0,0,0
_Z11parse_paramPKcS0_S0_Ri,7500,17,15,0,17,0,23,4,4,0,7,0,0,0,0,0
_Z11parse_paramPKcS0_S0_Ri,6500,17,13,0,17,0,23,4,4,0,6,0,0,0,0,0
_Z11parse_paramPKcS0_S0_Ri,7000,17,14,0,17,0,23,4,4,0,6,0,0,0,0,0
_Z11parse_paramPKcS0_S0_Ri,6500,17,13,0,17,0,23,4,4,0,6,0,0,0,0,0
_Z11parse_paramPKcS0_S0_Ri,7500,17,15,0,17,0,23,4,4,0,6,0,0,0,0,0
_Z11parse_paramPKcS0_S0_Ri,6500,17,13,0,17,0,23,4,4,0,6,0,0,0,0,0
_Z11parse_paramPKcS0_S0_Ri,8000,18,16,1,18,0,23,4,4,0,6,0,0,0,0,0
_Z11parse_paramPKcS0_S0_Ri,32000,76,64,2,76,0,81,22,4,0,32,0,0,0,0,0
_Z11parse_paramPKcS0_S0_Ri,66000,244,132,2,244,0,242,61,24,0,68,1,0,0,0,1
_ZN13SimParameters8setparamEPKcS1_,87500,292,175,1,292,0,275,56,12,0,101,0,0,0,0,0
_Z11parse_paramPKcS0_S0_Rd,7500,17,15,0,17,0,23,4,4,0,6,0,0,0,0,0
_Z11parse_paramPKcS0_S0_Rd,7500,17,15,0,17,0,23,4,4,0,6,0,0,0,0,0
_Z11parse_paramPKcS0_S0_Ri,6500,17,13,0,17,0,23,4,4,0,6,0,0,0,0,0
_Z11parse_paramPKcS0_S0_Rd,6500,17,13,0,17,0,23,4,4,0,6,0,0,0,0,0
_Z11parse_paramPKcS0_S0_Rd,6500,17,13,0,17,0,23,4,4,0,6,0,0,0,0,0
_Z11parse_paramPKcS0_S0_Ri,6500,17,13,0,17,0,23,4,4,0,6,0,0,0,0,0
_Z11parse_paramPKcS0_S0_Rd,7500,17,15,0,17,0,23,4,4,0,6,0,0,0,0,0
_Z11parse_paramPKcS0_S0_Rd,6500,17,13,0,17,0,23,4,4,0,6,0,0,0,0,0
_Z11parse_paramPKcS0_S0_Ri,7000,17,14,0,17,0,23,4,4,0,6,0,0,0,0,0
_Z11parse_paramPKcS0_S0_Ri,6500,17,13,0,17,0,23,4,4,0,6,0,0,0,0,0
_Z11parse_paramPKcS0_S0_Ri,7500,17,15,0,17,0,23,4,4,0,6,0,0,0,0,0
_Z11parse_paramPKcS0_S0_Ri,8000,17,16,0,17,0,23,4,4,0,6,0,0,0,0,0
_Z11parse_paramPKcS0_S0_Ri,6500,17,13,0,17,0,23,4,4,0,6,0,0,0,0,0
_Z11parse_paramPKcS0_S0_Ri,7500,17,15,0,17,0,23,4,4,0,7,0,0,0,0,0
_Z11parse_paramPKcS0_S0_Ri,6500,17,13,0,17,0,23,4,4,0,6,0,0,0,0,0
_Z11parse_paramPKcS0_S0_Ri,7000,17,14,0,17,0,23,4,4,0,6,0,0,0,0,0
_Z11parse_paramPKcS0_S0_Ri,6500,17,13,0,17,0,23,4,4,0,6,0,0,0,0,0
_Z11parse_paramPKcS0_S0_Ri,7500,17,15,0,17,0,23,4,4,0,6,0,0,0,0,0
_Z11parse_paramPKcS0_S0_Ri,6500,17,13,0,17,0,23,4,4,0,6,0,0,0,0,0
_Z11parse_paramPKcS0_S0_Ri,6500,17,13,0,17,0,23,4,4,0,6,0,0,0,0,0
_Z11parse_paramPKcS0_S0_Ri,6500,17,13,0,17,0,23,4,4,0,6,0,0,0,0,0
_Z11parse_paramPKcS0_S0_Ri,8000,18,16,1,18,0,23,4,4,0,6,0,0,0,0,0
_Z11parse_paramPKcS0_S0_Ri,56000,178,112,2,178,0,177,40,24,0,47,0,0,0,0,0
_ZN13SimParameters8setparamEPKcS1_,79000,293,158,0,293,0,272,52,12,0,94,0,0,0,0,0
_Z11parse_paramPKcS0_S0_Rd,7500,17,15,0,17,0,23,4,4,0,6,0,0,0,0,0
_Z11parse_paramPKcS0_S0_Rd,7500,17,15,0,17,0,23,4,4,0,6,0,0,0,0,0
_Z11parse_paramPKcS0_S0_Ri,6500,17,13,0,17,0,23,4,4,0,6,0,0,0,0,0
_Z11parse_paramPKcS0_S0_Rd,6500,17,13,0,17,0,23,4,4,0,6,0,0,0,0,0
_Z11parse_paramPKcS0_S0_Rd,6500,17,13,0,17,0,23,4,4,0,6,0,0,0,0,0
_Z11parse_paramPKcS0_S0_Ri,6500,17,13,0,17,0,23,4,4,0,6,0,0,0,0,0
_Z11parse_paramPKcS0_S0_Rd,7500,17,15,0,17,0,23,4,4,0,6,0,0,0,0,0
_Z11parse_paramPKcS0_S0_Rd,6500,17,13,0,17,0,23,4,4,0,6,0,0,0,0,0
_Z11parse_paramPKcS0_S0_Ri,7000,17,14,0,17,0,23,4,4,0,6,0,0,0,0,0
_Z11parse_paramPKcS0_S0_Ri,6500,17,13,0,17,0,23,4,4,0,6,0,0,0,0,0
_Z11parse_paramPKcS0_S0_Ri,7500,17,15,0,17,0,23,4,4,0,6,0,0,0,0,0
_Z11parse_paramPKcS0_S0_Ri,8000,17,16,0,17,0,23,4,4,0,6,0,0,0,0,0
_Z11parse_paramPKcS0_S0_Ri,6500,17,13,0,17,0,23,4,4,0,6,0,0,0,0,0
_Z11parse_paramPKcS0_S0_Ri,7500,17,15,0,17,0,23,4,4,0,7,0,0,0,0,0
_Z11parse_paramPKcS0_S0_Ri,6500,17,13,0,17,0,23,4,4,0,6,0,0,0,0,0
_Z11parse_paramPKcS0_S0_Ri,7000,17,14,0,17,0,23,4,4,0,6,0,0,0,0,0
_Z11parse_paramPKcS0_S0_Ri,6500,17,13,0,17,0,23,4,4,0,6,0,0,0,0,0
_Z11parse_paramPKcS0_S0_Ri,7500,17,15,0,17,0,23,4,4,0,6,0,0,0,0,0
_Z11parse_paramPKcS0_S0_Ri,6500,17,13,0,17,0,23,4,4,0,6,0,0,0,0,0
_Z11parse_paramPKcS0_S0_Ri,8000,18,16,1,18,0,23,4,4,0,6,0,0,0,0,0
_Z11parse_paramPKcS0_S0_Ri,13500,24,27,1,24,0,29,5,4,0,10,0,0,0,0,0
_Z11parse_paramPKcS0_S0_Ri,9000,21,18,1,21,0,26,5,4,0,8,0,0,0,0,0
_Z11parse_paramPKcS0_S0_Ri,6500,17,13,0,17,0,24,5,4,0,5,0,0,0,0,0
_Z11parse_paramPKcS0_S0_Ri,112000,220,224,2,220,0,218,53,24,3,61,1,1,0,0,2
_ZN13SimParameters8setparamEPKcS1_,116000,325,232,4,325,0,305,63,12,0,118,0,0,0,0,0
_Z11parse_paramPKcS0_S0_Rd,7500,17,15,0,17,0,23,4,4,0,6,0,0,0,0,0
_Z11parse_paramPKcS0_S0_Rd,7500,17,15,0,17,0,23,4,4,0,6,0,0,0,0,0
_Z11parse_paramPKcS0_S0_Ri,6500,17,13,0,17,0,23,4,4,0,6,0,0,0,0,0
_Z11parse_paramPKcS0_S0_Rd,6500,17,13,0,17,0,23,4,4,0,6,0,0,0,0,0
_Z11parse_paramPKcS0_S0_Rd,6500,17,13,0,17,0,23,4,4,0,6,0,0,0,0,0
_Z11parse_paramPKcS0_S0_Ri,6500,17,13,0,17,0,23,4,4,0,6,0,0,0,0,0
_Z11parse_paramPKcS0_S0_Rd,7500,17,15,0,17,0,23,4,4,0,6,0,0,0,0,0
_Z11parse_paramPKcS0_S0_Rd,6500,17,13,0,17,0,23,4,4,0,6,0,0,0,0,0
_Z11parse_paramPKcS0_S0_Ri,7000,17,14,0,17,0,23,4,4,0,6,0,0,0,0,0
_Z11parse_paramPKcS0_S0_Ri,6500,17,13,0,17,0,23,4,4,0,6,0,0,0,0,0
_Z11parse_paramPKcS0_S0_Ri,7500,17,15,0,17,0,23,4,4,0,6,0,0,0,0,0
_Z11parse_paramPKcS0_S0_Ri,8000,17,16,0,17,0,23,4,4,0,6,0,0,0,0,0
_Z11parse_paramPKcS0_S0_Ri,6500,17,13,0,17,0,23,4,4,0,6,0,0,0,0,0
_Z11parse_paramPKcS0_S0_Ri,7500,17,15,0,17,0,23,4,4,0,7,0,0,0,0,0
_Z11parse_paramPKcS0_S0_Ri,6500,17,13,0,17,0,23,4,4,0,6,0,0,0,0,0
_Z11parse_paramPKcS0_S0_Ri,7000,17,14,0,17,0,23,4,4,0,6,0,0,0,0,0
_Z11parse_paramPKcS0_S0_Ri,6500,17,13,0,17,0,23,4,4,0,6,0,0,0,0,0
_Z11parse_paramPKcS0_S0_Ri,7500,17,15,0,17,0,23,4,4,0,6,0,0,0,0,0
_Z11parse_paramPKcS0_S0_Ri,6500,17,13,0,17,0,23,4,4,0,6,0,0,0,0,0
_Z11parse_paramPKcS0_S0_Ri,6500,17,13,0,17,0,23,4,4,0,6,0,0,0,0,0
_Z11parse_paramPKcS0_S0_Ri,6500,17,13,0,17,0,23,4,4,0,6,0,0,0,0,0
_Z11parse_paramPKcS0_S0_Ri,6500,17,13,0,17,0,23,4,4,0,6,0,0,0,0,0
_Z11parse_paramPKcS0_S0_Ri,7500,17,15,0,17,0,23,4,4,0,6,0,0,0,0,0
_Z11parse_paramPKcS0_S0_Ri,8000,18,16,1,18,0,23,4,4,0,6,0,0,0,0,0
_Z11parse_paramPKcS0_S0_Ri,62000,178,124,3,178,0,177,40,24,0,51,0,0,0,0,0
_ZN13SimParameters8setparamEPKcS1_,82000,307,164,0,307,0,284,54,12,0,98,0,0,0,0,0
_Z11parse_paramPKcS0_S0_Rd,7500,17,15,0,17,0,23,4,4,0,6,0,0,0,0,0
_Z11parse_paramPKcS0_S0_Rd,7500,17,15,0,17,0,23,4,4,0,6,0,0,0,0,0
_Z11parse_paramPKcS0_S0_Ri,6500,17,13,0,17,0,23,4,4,0,6,0,0,0,0,0
_Z11parse_paramPKcS0_S0_Rd,6500,17,13,0,17,0,23,4,4,0,6,0,0,0,0,0
_Z11parse_paramPKcS0_S0_Rd,6500,17,13,0,17,0,23,4,4,0,6,0,0,0,0,0
_Z11parse_paramPKcS0_S0_Ri,6500,17,13,0,17,0,23,4,4,0,6,0,0,0,0,0
_Z11parse_paramPKcS0_S0_Rd,7500,17,15,0,17,0,23,4,4,0,6,0,0,0,0,0
_Z11parse_paramPKcS0_S0_Rd,6500,17,13,0,17,0,23,4,4,0,6,0,0,0,0,0
_Z11parse_paramPKcS0_S0_Ri,7000,17,14,0,17,0,23,4,4,0,6,0,0,0,0,0
_Z11parse_paramPKcS0_S0_Ri,6500,17,13,0,17,0,23,4,4,0,6,0,0,0,0,0
_Z11parse_paramPKcS0_S0_Ri,7500,17,15,0,17,0,23,4,4,0,6,0,0,0,0,0
_Z11parse_paramPKcS0_S0_Ri,8000,17,16,0,17,0,23,4,4,0,6,0,0,0,0,0
_Z11parse_paramPKcS0_S0_Ri,6500,17,13,0,17,0,23,4,4,0,6,0,0,0,0,0
_Z11parse_paramPKcS0_S0_Ri,7500,17,15,0,17,0,23,4,4,0,7,0,0,0,0,0
_Z11parse_paramPKcS0_S0_Ri,6500,17,13,0,17,0,23,4,4,0,6,0,0,0,0,0
_Z11parse_paramPKcS0_S0_Ri,7000,17,14,0,17,0,23,4,4,0,6,0,0,0,0,0
_Z11parse_paramPKcS0_S0_Ri,6500,17,13,0,17,0,23,4,4,0,6,0,0,0,0,0
_Z11parse_paramPKcS0_S0_Ri,7500,17,15,0,17,0,23,4,4,0,6,0,0,0,0,0
_Z11parse_paramPKcS0_S0_Ri,6500,17,13,0,17,0,23,4,4,0,6,0,0,0,0,0
_Z11parse_paramPKcS0_S0_Ri,6500,17,13,0,17,0,23,4,4,0,6,0,0,0,0,0
_Z11parse_paramPKcS0_S0_Ri,6500,17,13,0,17,0,23,4,4,0,6,0,0,0,0,0
_Z11parse_paramPKcS0_S0_Ri,6500,17,13,0,17,0,23,4,4,0,6,0,0,0,0,0
_Z11parse_paramPKcS0_S0_Ri,7500,17,15,0,17,0,23,4,4,0,6,0,0,0,0,0
_Z11parse_paramPKcS0_S0_Ri,8000,18,16,1,18,0,23,4,4,0,6,0,0,0,0,0
_Z11parse_paramPKcS0_S0_Ri,16500,34,33,1,34,0,39,8,4,0,15,0,0,0,0,0
_Z11parse_paramPKcS0_S0_Rd,1898500,1754,3797,71,1754,0,1806,253,215,2,374,24,0,0,2,18
_ZN13SimParameters8setparamEPKcS1_,83500,315,167,0,315,0,293,58,12,0,100,0,0,0,0,0
_Z11parse_paramPKcS0_S0_Rd,7500,17,15,0,17,0,23,4,4,0,6,0,0,0,0,0
_Z11parse_paramPKcS0_S0_Rd,7500,17,15,0,17,0,23,4,4,0,6,0,0,0,0,0
_Z11parse_paramPKcS0_S0_Ri,6500,17,13,0,17,0,23,4,4,0,6,0,0,0,0,0
_Z11parse_paramPKcS0_S0_Rd,6500,17,13,0,17,0,23,4,4,0,6,0,0,0,0,0
_Z11parse_paramPKcS0_S0_Rd,6500,17,13,0,17,0,23,4,4,0,6,0,0,0,0,0
_Z11parse_paramPKcS0_S0_Ri,6500,17,13,0,17,0,23,4,4,0,6,0,0,0,0,0
_Z11parse_paramPKcS0_S0_Rd,7500,17,15,0,17,0,23,4,4,0,6,0,0,0,0,0
_Z11parse_paramPKcS0_S0_Rd,6500,17,13,0,17,0,23,4,4,0,6,0,0,0,0,0
_Z11parse_paramPKcS0_S0_Ri,7000,17,14,0,17,0,23,4,4,0,6,0,0,0,0,0
_Z11parse_paramPKcS0_S0_Ri,6500,17,13,0,17,0,23,4,4,0,6,0,0,0,0,0
_Z11parse_paramPKcS0_S0_Ri,7500,17,15,0,17,0,23,4,4,0,6,0,0,0,0,0
_Z11parse_paramPKcS0_S0_Ri,8000,17,16,0,17,0,23,4,4,0,6,0,0,0,0,0
_Z11parse_paramPKcS0_S0_Ri,6500,17,13,0,17,0,23,4,4,0,6,0,0,0,0,0
_Z11parse_paramPKcS0_S0_Ri,7500,17,15,0,17,0,23,4,4,0,7,0,0,0,0,0
_Z11parse_paramPKcS0_S0_Ri,6500,17,13,0,17,0,23,4,4,0,6,0,0,0,0,0
_Z11parse_paramPKcS0_S0_Ri,7000,17,14,0,17,0,23,4,4,0,6,0,0,0,0,0
_Z11parse_paramPKcS0_S0_Ri,6500,17,13,0,17,0,23,4,4,0,6,0,0,0,0,0
_Z11parse_paramPKcS0_S0_Ri,7500,17,15,0,17,0,23,4,4,0,6,0,0,0,0,0
_Z11parse_paramPKcS0_S0_Ri,6500,17,13,0,17,0,23,4,4,0,6,0,0,0,0,0
_Z11parse_paramPKcS0_S0_Ri,6500,17,13,0,17,0,23,4,4,0,6,0,0,0,0,0
_Z11parse_paramPKcS0_S0_Ri,6500,17,13,0,17,0,23,4,4,0,6,0,0,0,0,0
_Z11parse_paramPKcS0_S0_Ri,6500,17,13,0,17,0,23,4,4,0,6,0,0,0,0,0
_Z11parse_paramPKcS0_S0_Ri,7500,17,15,0,17,0,23,4,4,0,6,0,0,0,0,0
_Z11parse_paramPKcS0_S0_Ri,8000,18,16,1,18,0,23,4,4,0,6,0,0,0,0,0
_Z11parse_paramPKcS0_S0_Ri,16500,34,33,1,34,0,39,8,4,0,15,0,0,0,0,0
_Z11parse_paramPKcS0_S0_Rd,24000,35,48,3,35,0,38,7,4,0,15,1,0,0,0,1
_Z11parse_paramPKcS0_S0_Rd,690500,1486,1381,54,1486,0,1520,251,175,0,330,1,0,0,0,0
_ZN13SimParameters8setparamEPKcS1_,94500,320,189,1,320,0,299,60,12,0,107,1,0,0,0,0
_Z11parse_paramPKcS0_S0_Rd,7500,17,15,0,17,0,23,4,4,0,6,0,0,0,0,0
_Z11parse_paramPKcS0_S0_Rd,7500,17,15,0,17,0,23,4,4,0,6,0,0,0,0,0
_Z11parse_paramPKcS0_S0_Ri,6500,17,13,0,17,0,23,4,4,0,6,0,0,0,0,0
_Z11parse_paramPKcS0_S0_Rd,6500,17,13,0,17,0,23,4,4,0,6,0,0,0,0,0
_Z11parse_paramPKcS0_S0_Rd,6500,17,13,0,17,0,23,4,4,0,6,0,0,0,0,0
_Z11parse_paramPKcS0_S0_Ri,6500,17,13,0,17,0,23,4,4,0,6,0,0,0,0,0
_Z11parse_paramPKcS0_S0_Rd,7500,17,15,0,17,0,23,4,4,0,6,0,0,0,0,0
_Z11parse_paramPKcS0_S0_Rd,6500,17,13,0,17,0,23,4,4,0,6,0,0,0,0,0
_Z11parse_paramPKcS0_S0_Ri,7000,17,14,0,17,0,23,4,4,0,6,0,0,0,0,0
_Z11parse_paramPKcS0_S0_Ri,6500,17,13,0,17,0,23,4,4,0,6,0,0,0,0,0
_Z11parse_paramPKcS0_S0_Ri,7500,17,15,0,17,0,23,4,4,0,6,0,0,0,0,0
_Z11parse_paramPKcS0_S0_Ri,8000,17,16,0,17,0,23,4,4,0,6,0,0,0,0,0
_Z11parse_paramPKcS0_S0_Ri,6500,17,13,0,17,0,23,4,4,0,6,0,0,0,0,0
_Z11parse_paramPKcS0_S0_Ri,9000,18,18,1,18,0,23,4,4,0,7,0,0,0,0,0
_Z11parse_paramPKcS0_S0_Ri,13500,24,27,1,24,0,29,5,4,0,10,0,0,0,0,0
_Z11parse_paramPKcS0_S0_Ri,9500,21,19,1,21,0,26,5,4,0,9,0,0,0,0,0
_Z11parse_paramPKcS0_S0_Ri,8500,18,17,1,18,0,24,5,4,0,6,0,0,0,0,0
_Z11parse_paramPKcS0_S0_Ri,6000,17,12,0,17,0,24,5,4,0,6,0,0,0,0,0
_Z11parse_paramPKcS0_S0_Ri,6500,17,13,0,17,0,24,5,4,0,6,0,0,0,0,0
_Z11parse_paramPKcS0_S0_Ri,6500,17,13,0,17,0,23,4,4,0,6,0,0,0,0,0
_Z11parse_paramPKcS0_S0_Ri,6500,17,13,0,17,0,23,4,4,0,6,0,0,0,0,0
_Z11parse_paramPKcS0_S0_Ri,9500,18,19,1,18,0,23,4,4,0,6,0,0,0,0,0
_Z11parse_paramPKcS0_S0_Ri,6000,17,12,0,17,0,24,5,4,0,6,0,0,0,0,0
_Z11parse_paramPKcS0_S0_Ri,6500,17,13,0,17,0,24,5,4,0,6,0,0,0,0,0
_Z11parse_paramPKcS0_S0_Ri,7000,17,14,0,17,0,23,4,4,0,6,0,0,0,0,0
_Z11parse_paramPKcS0_S0_Rd,6500,17,13,0,17,0,23,4,4,0,6,0,0,0,0,0
_Z11parse_paramPKcS0_S0_Rd,9000,18,18,1,18,0,23,4,4,0,6,0,0,0,0,0
_Z11parse_paramPKcS0_S0_Ri,100000,226,200,7,226,0,225,56,24,0,75,0,0,0,0,0
_ZN13SimParameters8setparamEPKcS1_,111500,326,223,1,326,0,300,54,12,0,113,0,0,0,0,0
_Z11parse_paramPKcS0_S0_Rd,7500,17,15,0,17,0,23,4,4,0,6,0,0,0,0,0
_Z11parse_paramPKcS0_S0_Rd,7500,17,15,0,17,0,23,4,4,0,6,0,0,0,0,0
_Z11parse_paramPKcS0_S0_Ri,6500,17,13,0,17,0,23,4,4,0,6,0,0,0,0,0
_Z11parse_paramPKcS0_S0_Rd,6500,17,13,0,17,0,23,4,4,0,6,0,0,0,0,0
_Z11parse_paramPKcS0_S0_Rd,6500,17,13,0,17,0,23,4,4,0,6,0,0,0,0,0
_Z11parse_paramPKcS0_S0_Ri,6500,17,13,0,17,0,23,4,4,0,6,0,0,0,0,0
_Z11parse_paramPKcS0_S0_Rd,7500,17,15,0,17,0,23,4,4,0,6,0,0,0,0,0
_Z11parse_paramPKcS0_S0_Rd,6500,17,13,0,17,0,23,4,4,0,6,0,0,0,0,0
_Z11parse_paramPKcS0_S0_Ri,7000,17,14,0,17,0,23,4,4,0,6,0,0,0,0,0
_Z11parse_paramPKcS0_S0_Ri,6500,17,13,0,17,0,23,4,4,0,6,0,0,0,0,0
_Z11parse_paramPKcS0_S0_Ri,7500,17,15,0,17,0,23,4,4,0,6,0,0,0,0,0
_Z11parse_paramPKcS0_S0_Ri,8000,17,16,0,17,0,23,4,4,0,6,0,0,0,0,0
_Z11parse_paramPKcS0_S0_Ri,6500,17,13,0,17,0,23,4,4,0,6,0,0,0,0,0
_Z11parse_paramPKcS0_S0_Ri,7500,17,15,0,17,0,23,4,4,0,7,0,0,0,0,0
_Z11parse_paramPKcS0_S0_Ri,6500,17,13,0,17,0,23,4,4,0,6,0,0,0,0,0
_Z11parse_paramPKcS0_S0_Ri,7000,17,14,0,17,0,23,4,4,0,6,0,0,0,0,0
_Z11parse_paramPKcS0_S0_Ri,6500,17,13,0,17,0,23,4,4,0,6,0,0,0,0,0
_Z11parse_paramPKcS0_S0_Ri,7500,17,15,0,17,0,23,4,4,0,6,0,0,0,0,0
_Z11parse_paramPKcS0_S0_Ri,6500,17,13,0,17,0,23,4,4,0,6,0,0,0,0,0
_Z11parse_paramPKcS0_S0_Ri,6500,17,13,0,17,0,23,4,4,0,6,0,0,0,0,0
_Z11parse_paramPKcS0_S0_Ri,6500,17,13,0,17,0,23,4,4,0,6,0,0,0,0,0
_Z11parse_paramPKcS0_S0_Ri,6500,17,13,0,17,0,23,4,4,0,6,0,0,0,0,0
_Z11parse_paramPKcS0_S0_Ri,7500,17,15,0,17,0,23,4,4,0,6,0,0,0,0,0
_Z11parse_paramPKcS0_S0_Ri,6500,17,13,0,17,0,23,4,4,0,6,0,0,0,0,0
_Z11parse_paramPKcS0_S0_Ri,7000,17,14,0,17,0,23,4,4,0,6,0,0,0,0,0
_Z11parse_paramPKcS0_S0_Rd,6500,17,13,0,17,0,23,4,4,0,6,0,0,0,0,0
_Z11parse_paramPKcS0_S0_Rd,7500,17,15,0,17,0,23,4,4,0,6,0,0,0,0,0
_Z11parse_paramPKcS0_S0_Ri,8000,18,16,1,18,0,23,4,4,0,6,1,0,0,0,0
_Z11parse_paramPKcS0_S0_Rd,460500,979,921,35,979,0,1021,199,151,0,240,0,0,0,0,0
_ZN13SimParameters8setparamEPKcS1_,90500,334,181,0,334,0,308,58,12,0,109,0,0,0,0,0
_Z11parse_paramPKcS0_S0_Rd,7500,17,15,0,17,0,23,4,4,0,6,0,0,0,0,0
_Z11parse_paramPKcS0_S0_Rd,7500,17,15,0,17,0,23,4,4,0,6,0,0,0,0,0
_Z11parse_paramPKcS0_S0_Ri,6500,17,13,0,17,0,23,4,4,0,6,0,0,0,0,0
_Z11parse_paramPKcS0_S0_Rd,6500,17,13,0,17,0,23,4,4,0,6,0,0,0,0,0
_Z11parse_paramPKcS0_S0_Rd,6500,17,13,0,17,0,23,4,4,0,6,0,0,0,0,0
_Z11parse_paramPKcS0_S0_Ri,6500,17,13,0,17,0,23,4,4,0,6,0,0,0,0,0
_Z11parse_paramPKcS0_S0_Rd,7500,17,15,0,17,0,23,4,4,0,6,0,0,0,0,0
_Z11parse_paramPKcS0_S0_Rd,6500,17,13,0,17,0,23,4,4,0,6,0,0,0,0,0
_Z11parse_paramPKcS0_S0_Ri,7000,17,14,0,17,0,23,4,4,0,6,0,0,0,0,0
_Z11parse_paramPKcS0_S0_Ri,6500,17,13,0,17,0,23,4,4,0,6,0,0,0,0,0
_Z11parse_paramPKcS0_S0_Ri,7500,17,15,0,17,0,23,4,4,0,6,0,0,0,0,0
_Z11parse_paramPKcS0_S0_Ri,8000,17,16,0,17,0,23,4,4,0,6,0,0,0,0,0
_Z11parse_paramPKcS0_S0_Ri,6500,17,13,0,17,0,23,4,4,0,6,0,0,0,0,0
_Z11parse_paramPKcS0_S0_Ri,7500,17,15,0,17,0,23,4,4,0,7,0,0,0,0,0
_Z11parse_paramPKcS0_S0_Ri,6500,17,13,0,17,0,23,4,4,0,6,0,0,0,0,0
_Z11parse_paramPKcS0_S0_Ri,7000,17,14,0,17,0,23,4,4,0,6,0,0,0,0,0
_Z11parse_paramPKcS0_S0_Ri,6500,17,13,0,17,0,23,4,4,0,6,0,0,0,0,0
_Z11parse_paramPKcS0_S0_Ri,7500,17,15,0,17,0,23,4,4,0,6,0,0,0,0,0
_Z11parse_paramPKcS0_S0_Ri,6500,17,13,0,17,0,23,4,4,0,6,0,0,0,0,0
_Z11parse_paramPKcS0_S0_Ri,6500,17,13,0,17,0,23,4,4,0,6,0,0,0,0,0
_Z11parse_paramPKcS0_S0_Ri,6500,17,13,0,17,0,23,4,4,0,6,0,0,0,0,0
_Z11parse_paramPKcS0_S0_Ri,6500,17,13,0,17,0,23,4,4,0,6,0,0,0,0,0
_Z11parse_paramPKcS0_S0_Ri,7500,17,15,0,17,0,23,4,4,0,6,0,0,0,0,0
_Z11parse_paramPKcS0_S0_Ri,6500,17,13,0,17,0,23,4,4,0,6,0,0,0,0,0
_Z11parse_paramPKcS0_S0_Ri,7000,17,14,0,17,0,23,4,4,0,6,0,0,0,0,0
_Z11parse_paramPKcS0_S0_Rd,6500,17,13,0,17,0,23,4,4,0,6,0,0,0,0,0
_Z11parse_paramPKcS0_S0_Rd,7500,17,15,0,17,0,23,4,4,0,6,0,0,0,0,0
_Z11parse_paramPKcS0_S0_Ri,6500,17,13,0,17,0,23,4,4,0,6,0,0,0,0,0
_Z11parse_paramPKcS0_S0_Rd,8000,18,16,1,18,0,23,4,4,0,6,0,0,0,0,0
_Z11parse_paramPKcS0_S0_Ri,84500,190,169,6,190,0,189,44,24,0,61,0,0,0,0,0
_ZN13SimParameters8setparamEPKcS1_,92000,341,184,0,341,0,314,59,12,0,111,0,0,0,0,0
_Z11parse_paramPKcS0_S0_Rd,7500,17,15,0,17,0,23,4,4,0,6,0,0,0,0,0
_Z11parse_paramPKcS0_S0_Rd,11000,21,22,1,21,0,26,5,4,0,9,0,0,0,0,0
_Z11parse_paramPKcS0_S0_Ri,5500,17,11,0,17,0,24,5,4,0,6,0,0,0,0,0
_Z11parse_paramPKcS0_S0_Rd,6500,17,13,0,17,0,23,4,4,0,6,0,0,0,0,0
_Z11parse_paramPKcS0_S0_Rd,6500,17,13,0,17,0,23,4,4,0,6,0,0,0,0,0
_Z11parse_paramPKcS0_S0_Ri,6500,17,13,0,17,0,23,4,4,0,6,0,0,0,0,0
_Z11parse_paramPKcS0_S0_Rd,7500,17,15,0,17,0,23,4,4,0,6,0,0,0,0,0
_Z11parse_paramPKcS0_S0_Rd,6500,17,13,0,17,0,23,4,4,0,6,0,0,0,0,0
_Z11parse_paramPKcS0_S0_Ri,7000,17,14,0,17,0,23,4,4,0,6,0,0,0,0,0
_Z11parse_paramPKcS0_S0_Ri,6500,17,13,0,17,0,23,4,4,0,6,0,0,0,0,0
_Z11parse_paramPKcS0_S0_Ri,7500,17,15,0,17,0,23,4,4,0,6,0,0,0,0,0
_Z11parse_paramPKcS0_S0_Ri,8000,17,16,0,17,0,23,4,4,0,6,0,0,0,0,0
_Z11parse_paramPKcS0_S0_Ri,6500,17,13,0,17,0,23,4,4,0,6,0,0,0,0,0
_Z11parse_paramPKcS0_S0_Ri,7500,17,15,0,17,0,23,4,4,0,7,0,0,0,0,0
_Z11parse_paramPKcS0_S0_Ri,6500,17,13,0,17,0,23,4,4,0,6,0,0,0,0,0
_Z11parse_paramPKcS0_S0_Ri,7000,17,14,0,17,0,23,4,4,0,6,0,0,0,0,0
_Z11parse_paramPKcS0_S0_Ri,6500,17,13,0,17,0,23,4,4,0,6,0,0,0,0,0
_Z11parse_paramPKcS0_S0_Ri,7500,17,15,0,17,0,23,4,4,0,6,0,0,0,0,0
_Z11parse_paramPKcS0_S0_Ri,6500,17,13,0,17,0,23,4,4,0,6,0,0,0,0,0
_Z11parse_paramPKcS0_S0_Ri,6500,17,13,0,17,0,23,4,4,0,6,0,0,0,0,0
_Z11parse_paramPKcS0_S0_Ri,6500,17,13,0,17,0,23,4,4,0,6,0,0,0,0,0
_Z11parse_paramPKcS0_S0_Ri,6500,17,13,0,17,0,23,4,4,0,6,0,0,0,0,0
_Z11parse_paramPKcS0_S0_Ri,7500,17,15,0,17,0,23,4,4,0,6,0,0,0,0,0
_Z11parse_paramPKcS0_S0_Ri,6500,17,13,0,17,0,23,4,4,0,6,0,0,0,0,0
_Z11parse_paramPKcS0_S0_Ri,7000,17,14,0,17,0,23,4,4,0,6,0,0,0,0,0
_Z11parse_paramPKcS0_S0_Rd,6500,17,13,0,17,0,23,4,4,0,6,0,0,0,0,0
_Z11parse_paramPKcS0_S0_Rd,7500,17,15,0,17,0,23,4,4,0,6,0,0,0,0,0
_Z11parse_paramPKcS0_S0_Ri,6500,17,13,0,17,0,23,4,4,0,6,0,0,0,0,0
_Z11parse_paramPKcS0_S0_Rd,6500,17,13,0,17,0,23,4,4,0,6,0,0,0,0,0
_Z11parse_paramPKcS0_S0_Ri,9000,18,18,1,18,0,23,4,4,0,7,0,0,0,0,0
_Z11parse_paramPKcS0_S0_Ri,70000,196,140,3,196,0,194,46,23,0,60,0,0,0,0,0
_ZN13SimParameters8setparamEPKcS1_,138500,375,277,5,375,0,348,68,13,0,133,0,0,0,0,0
_ZN13SimParameters8readfileEP8_IO_FILE,24715500,29952,49431,1111,29952,0,33042,6579,4820,220,7483,218,13,0,5,173
_ZN7LJTable8readfileEP8_IO_FILE,7813490500,24128712,15626981,234312,24128712,0,22948453,4600381,3167253,30798,4912354,224,19,2176,0,3630
_ZN8MoleculeC1Ev,467500,506,935,13,506,0,527,93,122,21,100,13,0,10,0,7
_ZN8Molecule8readfileEP8_IO_FILE,231282199500,695183151,462564399,5786423,695183151,0,624035547,161136157,107641733,76910,162560205,185,3,2523,2,39188
_ZN20ComputeNonbondedUtil6selectEP13SimParametersP8MoleculeP7LJTable,8842001000,21691294,17684002,474542,21691294,0,22720964,1446280,1714811,51068,3734543,470,4200,2783,56,6363
_ZN9PatchListC1ER7Lattice,453500,346,907,14,346,0,291,64,40,11,150,8,0,0,4,4
_ZN5PatchC1Ev,1000,7,2,0,7,0,8,0,6,0,0,0,0,0,0,1
_ZN5PatchC1Ev,1500,8,3,0,8,0,9,0,6,1,3,0,0,0,0,0
_ZN5PatchC1Ev,2500,8,5,0,8,0,9,0,6,4,1,0,0,0,0,1
_ZN5PatchC1Ev,1500,7,3,0,7,0,8,0,6,1,2,0,0,0,0,0
_ZN5PatchC1Ev,245000,8,490,0,8,0,9,0,6,5,1,0,0,0,0,1
_ZN5PatchC1Ev,1500,8,3,0,8,0,9,0,6,1,3,0,0,0,0,0
_ZN5PatchC1Ev,1000,7,2,0,7,0,8,0,6,0,2,0,0,0,0,0
_ZN5PatchC1Ev,1000,7,2,0,7,0,8,0,6,0,2,0,0,0,0,0
_ZN5PatchC1Ev,1000,7,2,0,7,0,8,0,6,0,2,0,0,0,0,0
_ZN5PatchC1Ev,1000,7,2,0,7,0,8,0,6,0,0,0,0,0,0,1
_ZN5PatchC1Ev,1500,9,3,0,9,0,10,0,6,0,3,0,0,0,0,0
_ZN5PatchC1Ev,67500,8,135,0,8,0,9,0,6,5,1,0,0,0,0,1
_ZN5PatchC1Ev,1500,8,3,0,8,0,9,0,6,1,2,0,0,0,0,0
_ZN5PatchC1Ev,1000,7,2,0,7,0,8,0,6,0,2,0,0,0,0,0
_ZN5PatchC1Ev,1000,7,2,0,7,0,8,0,6,0,3,0,0,0,0,1
_ZN5PatchC1Ev,1000,7,2,0,7,0,8,0,6,0,2,0,0,0,0,0
_ZN5PatchC1Ev,1000,7,2,0,7,0,8,0,6,0,0,0,0,0,0,1
_ZN5PatchC1Ev,1500,7,3,0,7,0,8,0,6,1,1,0,0,0,0,0
_ZN5PatchC1Ev,67500,8,135,0,8,0,9,0,6,4,1,0,0,0,0,0
_ZN5PatchC1Ev,1500,8,3,0,8,0,9,0,6,1,2,0,0,0,0,0
_ZN5PatchC1Ev,1000,7,2,0,7,0,8,0,6,0,2,0,0,0,0,0
_ZN5PatchC1Ev,1000,7,2,0,7,0,8,0,6,0,3,0,0,0,0,1
_ZN5PatchC1Ev,1000,7,2,0,7,0,8,0,6,0,3,0,0,0,0,0
_ZN5PatchC1Ev,1000,7,2,0,7,0,8,0,6,0,2,0,0,0,0,1
_ZN5PatchC1Ev,1500,8,3,0,8,0,9,0,6,0,1,0,0,0,0,0
_ZN5PatchC1Ev,67000,8,134,0,8,0,9,0,6,3,1,0,0,0,0,0
_ZN5PatchC1Ev,1500,8,3,0,8,0,9,0,6,1,2,0,0,0,0,0
_ZN5PatchC1Ev,1000,7,2,0,7,0,8,0,6,0,2,0,0,0,0,1
_ZN5PatchC1Ev,1000,7,2,0,7,0,8,0,6,0,3,0,0,0,0,0
_ZN5PatchC1Ev,1000,7,2,0,7,0,8,0,6,0,3,0,0,0,0,0
_ZN5PatchC1Ev,1000,7,2,0,7,0,8,0,6,0,2,0,0,0,0,1
_ZN5PatchC1Ev,1500,8,3,0,8,0,9,0,6,0,1,0,0,0,0,0
_ZN5PatchC1Ev,65000,7,130,0,7,0,8,0,6,2,1,0,0,0,0,0
_ZN5PatchC1Ev,1000,7,2,0,7,0,8,0,6,0,2,0,0,0,0,0
_ZN5PatchC1Ev,1000,7,2,0,7,0,8,0,6,0,2,0,0,0,0,1
_ZN5PatchC1Ev,1000,5,2,0,5,0,6,0,6,0,2,0,0,0,0,0
_ZN5PatchC1Ev,1000,7,2,0,7,0,8,0,6,0,2,0,0,0,0,0
_ZN5PatchC1Ev,1000,7,2,0,7,0,8,0,6,0,2,0,0,0,0,1
_ZN5PatchC1Ev,1500,8,3,0,8,0,9,0,6,0,1,0,0,0,0,0
_ZN5PatchC1Ev,216500,7,433,0,7,0,8,0,6,1,1,0,0,0,0,0
_ZN5PatchC1Ev,1000,7,2,0,7,0,8,0,6,0,2,0,0,0,0,0
_ZN5PatchC1Ev,1000,7,2,0,7,0,8,0,6,0,2,0,0,0,0,0
_ZN5PatchC1Ev,1000,7,2,0,7,0,8,0,6,0,2,0,0,0,0,0
_ZN5PatchC1Ev,1000,7,2,0,7,0,8,0,6,0,2,0,0,0,0,1
_ZN5PatchC1Ev,2000,9,4,0,9,0,10,0,6,0,3,0,0,0,0,0
_ZN5PatchC1Ev,67500,8,135,0,8,0,9,0,6,5,1,0,0,0,0,1
_ZN5PatchC1Ev,1500,8,3,0,8,0,9,0,6,1,2,0,0,0,0,0
_ZN5PatchC1Ev,1000,7,2,0,7,0,8,0,6,0,2,0,0,0,0,0
_ZN5PatchC1Ev,1000,7,2,0,7,0,8,0,6,0,3,0,0,0,0,1
_ZN5PatchC1Ev,1000,7,2,0,7,0,8,0,6,0,2,0,0,0,0,0
_ZN5PatchC1Ev,1000,7,2,0,7,0,8,0,6,0,0,0,0,0,0,1
_ZN5PatchC1Ev,1500,9,3,0,9,0,10,0,6,0,3,0,0,0,0,0
_ZN5PatchC1Ev,66000,8,132,0,8,0,9,0,6,5,1,0,0,0,0,1
_ZN5PatchC1Ev,1500,8,3,0,8,0,9,0,6,1,2,0,0,0,0,0
_ZN5PatchC1Ev,1000,7,2,0,7,0,8,0,6,0,2,0,0,0,0,0
_ZN5PatchC1Ev,1000,7,2,0,7,0,8,0,6,0,3,0,0,0,0,1
_ZN5PatchC1Ev,1000,7,2,0,7,0,8,0,6,0,2,0,0,0,0,0
_ZN5PatchC1Ev,2000,7,4,0,7,0,8,0,6,3,1,0,0,0,0,1
_ZN5PatchC1Ev,1500,8,3,0,8,0,9,0,6,1,2,0,0,0,0,0
_ZN5PatchC1Ev,65000,7,130,0,7,0,8,0,6,5,1,0,0,0,0,1
_ZN5PatchC1Ev,1500,8,3,0,8,0,9,0,6,1,2,0,0,0,0,0
_ZN5PatchC1Ev,1000,7,2,0,7,0,8,0,6,0,2,0,0,0,0,0
_ZN5PatchC1Ev,1000,6,2,0,6,0,7,0,6,0,2,0,0,0,0,1
_ZN5PatchC1Ev,1500,8,3,0,8,0,9,0,6,1,3,0,0,0,0,0
_ZN5PatchC1Ev,1000,7,2,0,7,0,8,0,6,0,2,0,0,0,0,0
_ZN5PatchC1Ev,1000,7,2,0,7,0,8,0,6,0,1,0,0,0,0,0
_ZN5PatchC1Ev,66500,8,133,0,8,0,9,0,6,4,1,0,0,0,0,1
_ZN5PatchC1Ev,1500,8,3,0,8,0,9,0,6,1,2,0,0,0,0,0
_ZN5PatchC1Ev,7000,7,14,1,7,0,6,0,0,0,2,1,0,0,0,1
_ZN5PatchC1Ev,1000,6,2,0,6,0,8,0,3,0,0,0,0,0,0,0
_ZN5PatchC1Ev,500,4,1,0,4,0,3,0,0,0,0,0,0,0,0,0
_ZN5PatchC1Ev,1000,8,2,0,8,0,6,1,0,0,0,0,0,0,0,0
_ZN5PatchC1Ev,22500,8,45,1,8,0,5,0,1,0,4,0,0,0,0,0
_ZN5PatchC1Ev,1500,9,3,0,9,0,9,0,3,0,0,0,0,0,0,0
_ZN5PatchC1Ev,2000,6,4,0,6,0,16,1,11,8,0,0,0,0,0,1
_ZN5PatchC1Ev,1000,7,2,0,7,0,6,0,1,0,0,0,0,0,0,0
_ZN5PatchC1Ev,2000,6,4,1,6,0,7,0,2,0,2,0,0,0,0,0
_ZN5PatchC1Ev,3500,8,7,1,8,0,6,1,0,0,5,0,0,0,0,0
_ZN5PatchC1Ev,13000,7,26,2,7,0,9,3,0,0,6,0,0,0,0,0
_ZN5PatchC1Ev,1500,7,3,0,7,0,6,3,0,0,1,0,0,0,0,0
_ZN5PatchC1Ev,3500,6,7,0,6,0,6,1,0,2,3,0,0,0,0,0
_ZN5PatchC1Ev,1000,6,2,0,6,0,5,1,0,0,1,0,0,0,0,0
_ZN5PatchC1Ev,1000,7,2,0,7,0,8,0,2,0,0,0,0,0,0,0
_ZN5PatchC1Ev,6000,7,12,1,7,0,5,1,0,0,3,0,0,0,0,0
_ZN5PatchC1Ev,2500,7,5,1,7,0,8,1,1,0,2,0,0,0,0,0
_ZN5PatchC1Ev,1500,6,3,0,6,0,8,3,1,1,0,0,0,0,0,0
_ZN5PatchC1Ev,3500,6,7,0,6,0,13,7,0,0,4,0,0,0,0,0
_ZN5PatchC1Ev,4500,8,9,0,8,0,7,2,2,0,2,0,0,0,0,0
_ZN5PatchC1Ev,1500,8,3,0,8,0,7,1,0,0,0,0,0,0,0,0
_ZN5PatchC1Ev,3000,7,6,0,7,0,4,0,0,0,3,0,0,0,0,0
_ZN5PatchC1Ev,16500,7,33,1,7,0,8,3,0,11,23,0,0,0,0,0
_ZN5PatchC1Ev,1500,9,3,0,9,0,9,3,0,0,1,0,0,0,0,0
_ZN5PatchC1Ev,1000,6,2,0,6,0,6,2,0,0,1,0,0,0,0,0
_ZN5PatchC1Ev,1000,6,2,0,6,0,6,2,0,0,0,0,0,0,0,0
_ZN5PatchC1Ev,1500,9,3,0,9,0,9,3,0,0,1,0,0,0,0,0
_ZN5PatchC1Ev,1000,6,2,0,6,0,6,2,0,0,1,0,0,0,0,0
_ZN5PatchC1Ev,1500,7,3,0,7,0,11,2,4,0,0,0,0,0,0,0
_ZN5PatchC1Ev,2000,7,4,0,7,0,14,0,7,0,3,0,0,0,0,0
_ZN5PatchC1Ev,2500,6,5,0,6,0,6,3,3,2,2,0,0,0,0,2
_ZN5PatchC1Ev,1000,8,2,0,8,0,7,0,5,1,2,0,0,0,0,0
_ZN5PatchC1Ev,70000,5,140,0,5,0,5,3,1,2,1,1,0,0,0,2
_ZN5PatchC1Ev,500,4,1,0,4,0,2,0,0,0,0,0,0,0,0,0
_ZN5PatchC1Ev,1000,8,2,0,8,0,7,1,0,0,0,0,0,0,0,0
_ZN5PatchC1Ev,6000,5,12,0,5,0,3,0,0,0,3,0,0,0,0,0
_ZN5PatchC1Ev,1000,7,2,0,7,0,8,0,5,0,0,0,0,0,0,0
_ZN5PatchC1Ev,500,4,1,0,4,0,4,0,1,0,0,0,0,0,0,0
_ZN5PatchC1Ev,6500,7,13,0,7,0,6,3,2,0,1,0,0,0,0,0
_ZN5PatchC1Ev,1000,8,2,0,8,0,6,1,1,0,1,0,0,0,0,0
_ZN5PatchC1Ev,1000,8,2,0,8,0,7,1,3,0,0,0,0,0,0,0
_ZN5PatchC1Ev,1500,9,3,0,9,0,6,1,1,0,3,0,0,0,0,0
_ZN5PatchC1Ev,3500,6,7,0,6,0,6,1,0,0,2,0,0,0,0,0
_ZN5PatchC1Ev,2000,7,4,0,7,0,5,2,0,0,2,0,0,0,0,0
_ZN5PatchC1Ev,1500,8,3,0,8,0,7,0,0,0,2,0,0,0,0,0
_ZN5PatchC1Ev,2000,4,4,0,4,0,7,1,3,2,0,0,0,0,0,0
_ZN5PatchC1Ev,4000,8,8,0,8,0,7,1,2,0,2,0,0,0,0,0
_ZN5PatchC1Ev,1500,8,3,0,8,0,6,1,2,0,0,0,0,0,0,0
_ZN5PatchC1Ev,2000,7,4,0,7,0,6,0,0,0,2,0,0,0,0,0
_ZN5PatchC1Ev,1500,8,3,0,8,0,6,1,1,0,1,0,0,0,0,0
_ZN5PatchC1Ev,1500,10,3,0,10,0,7,2,0,0,2,0,0,0,0,0
_ZN5PatchC1Ev,1500,8,3,0,8,0,7,1,2,0,1,0,0,0,0,0
_ZN5PatchC1Ev,1000,8,2,0,8,0,6,1,1,0,1,0,0,0,0,1
_ZN5PatchC1Ev,6000,7,12,0,7,0,6,2,0,0,3,0,0,0,0,0
_ZN5PatchC1Ev,2000,6,4,0,6,0,5,2,0,1,1,0,0,0,0,0
_ZN5PatchC1Ev,2500,9,5,0,9,0,6,2,0,0,4,0,0,0,0,0
_ZN5PatchC1Ev,1000,8,2,0,8,0,7,1,2,0,1,0,0,0,0,0
_ZN5PatchC1Ev,1000,8,2,0,8,0,6,1,1,0,1,0,0,0,0,0
_ZN5PatchC1Ev,6000,5,12,0,5,0,3,2,0,0,3,1,0,0,0,0
_ZN5PatchC1Ev,6500,9,13,1,9,0,6,0,0,0,2,0,0,0,0,0
_ZN5PatchC1Ev,2000,7,4,0,7,0,6,1,0,0,1,0,0,0,0,0
_ZN5PatchC1Ev,1000,7,2,0,7,0,6,1,2,0,2,0,0,0,0,0
_ZN5PatchC1Ev,1000,8,2,0,8,0,6,1,0,0,1,0,0,0,0,0
_ZN5PatchC1Ev,5500,7,11,0,7,0,9,3,3,0,2,0,0,0,0,0
_ZN5PatchC1Ev,500,4,1,0,4,0,4,0,0,2,0,0,0,0,0,0
_ZN5PatchC1Ev,500,4,1,0,4,0,3,0,0,0,1,0,0,0,0,0
_ZN5PatchC1Ev,1000,6,2,0,6,0,3,0,0,0,0,0,0,0,0,0
_ZN5PatchC1Ev,2000,5,4,0,5,0,4,2,0,0,0,0,0,0,0,0
_ZN5PatchC1Ev,1000,8,2,0,8,0,5,0,0,0,0,0,0,0,0,0
_ZN5PatchC1Ev,2000,7,4,0,7,0,6,1,0,0,5,0,0,0,0,0
_ZN5PatchC1Ev,1500,6,3,0,6,0,4,1,0,0,0,0,0,0,0,0
_ZN5PatchC1Ev,5500,7,11,0,7,0,6,0,0,0,3,0,0,0,0,0
_ZN5PatchC1Ev,3500,9,7,0,9,0,8,2,0,0,4,0,0,0,0,0
_ZN5PatchC1Ev,500,4,1,0,4,0,3,1,1,0,1,0,0,0,0,0
_ZN5PatchC1Ev,4000,8,8,0,8,0,8,4,0,0,5,0,0,0,0,0
_ZN5PatchC1Ev,8500,9,17,0,9,0,7,3,1,0,4,0,0,0,0,0
_ZN5Patch8readfileEP8_IO_FILEP8Molecule,2178009500,7045758,4356019,58016,7045758,0,6642688,1410317,941093,17365,1451903,224,8,9688,1,1247
_ZN5Patch8readfileEP8_IO_FILEP8Molecule,2217979000,7217790,4435958,59171,7217790,0,6806307,1444858,964491,18782,1487135,17,0,2111,0,1095
_ZN5Patch8readfileEP8_IO_FILEP8Molecule,1978584500,6428375,3957169,53353,6428375,0,6063457,1287622,859525,16740,1324224,18,5,4173,0,986
_ZN5Patch8readfileEP8_IO_FILEP8Molecule,2129311500,6922206,4258623,57090,6922206,0,6529651,1385427,925690,18781,1426826,7,1,2619,0,1051
_ZN5Patch8readfileEP8_IO_FILEP8Molecule,2212608000,7204914,4425216,58836,7204914,0,6793422,1441094,962628,19489,1486837,11,0,8359,0,1093
_ZN5Patch8readfileEP8_IO_FILEP8Molecule,2241420500,7304906,4482841,59421,7304906,0,6887874,1461252,976123,19678,1505772,4,5,7348,0,1105
_ZN5Patch8readfileEP8_IO_FILEP8Molecule,2239104000,7282998,4478208,59827,7282998,0,6867280,1457894,973033,18410,1501317,5,3,6432,0,1106
_ZN5Patch8readfileEP8_IO_FILEP8Molecule,2178975500,7083141,4357951,58344,7083141,0,6677113,1418601,946338,18545,1460380,9,5,12893,0,1117
_ZN5Patch8readfileEP8_IO_FILEP8Molecule,2178101500,7053613,4356203,58949,7053613,0,6648704,1413866,942674,18486,1455392,8,5,7621,0,1107
_ZN5Patch8readfileEP8_IO_FILEP8Molecule,2243026500,7267454,4486053,60671,7267454,0,6850203,1455332,970967,19136,1500493,6,5,10532,0,1157
_ZN5Patch8readfileEP8_IO_FILEP8Molecule,2118031000,6866925,4236062,56422,6866925,0,6472495,1374028,917174,16851,1416176,4,3,18923,0,1094
_ZN5Patch8readfileEP8_IO_FILEP8Molecule,2218054000,7215245,4436108,58978,7215245,0,6803318,1443167,964083,18189,1487882,6,2,8754,0,1111
_ZN5Patch8readfileEP8_IO_FILEP8Molecule,2137225000,6935262,4274450,57388,6935262,0,6542575,1388914,927429,18777,1429338,4,2,11288,0,1112
_ZN5Patch8readfileEP8_IO_FILEP8Molecule,2146884000,6940332,4293768,58198,6940332,0,6538861,1391424,926671,18768,1433265,5,6,15522,0,1108
_ZN5Patch8readfileEP8_IO_FILEP8Molecule,2183989500,7047263,4367979,60273,7047263,0,6639533,1413747,941218,17987,1455662,4,4,6567,0,1125
_ZN5Patch8readfileEP8_IO_FILEP8Molecule,2250565500,7255204,4501131,61686,7255204,0,6836885,1453786,968960,18434,1498396,10,3,5842,0,1158
_ZN5Patch8readfileEP8_IO_FILEP8Molecule,2154434000,6980975,4308868,58009,6980975,0,6578611,1397848,932379,18404,1440832,4,3,8818,0,1106
_ZN5Patch8readfileEP8_IO_FILEP8Molecule,2146819000,6970665,4293638,57278,6970665,0,6574445,1394799,931802,18285,1436369,7,3,8360,0,1096
_ZN5Patch8readfileEP8_IO_FILEP8Molecule,2145516000,6951332,4291032,57461,6951332,0,6554702,1390902,928746,18258,1432935,4,3,11288,0,1117
_ZN5Patch8readfileEP8_IO_FILEP8Molecule,2149344500,6942339,4298689,58188,6942339,0,6540790,1390348,926858,17122,1433780,4,3,19084,0,1109
_ZN5Patch8readfileEP8_IO_FILEP8Molecule,2310746500,7443146,4621493,63471,7443146,0,7014593,1492075,994695,18455,1538062,6,3,19788,0,1188
_ZN5Patch8readfileEP8_IO_FILEP8Molecule,2148558000,6925727,4297116,59009,6925727,0,6526862,1386682,925239,18284,1430970,4,3,9584,0,1110
_ZN5Patch8readfileEP8_IO_FILEP8Molecule,2147063000,6941221,4294126,57859,6941221,0,6542051,1389114,927485,18934,1434143,6,0,13465,0,1104
_ZN5Patch8readfileEP8_IO_FILEP8Molecule,2214803000,7179995,4429606,59101,7179995,0,6773079,1435821,960396,19563,1481574,5,3,14015,0,1135
_ZN5Patch8readfileEP8_IO_FILEP8Molecule,2182424000,7079769,4364848,58182,7079769,0,6675354,1415971,945811,19213,1460334,4,0,11676,0,1138
_ZN5Patch8readfileEP8_IO_FILEP8Molecule,2126664500,6891606,4253329,56773,6891606,0,6495816,1378450,920217,18593,1421935,4,3,15126,0,1101
_ZN5Patch8readfileEP8_IO_FILEP8Molecule,2227910000,7206580,4455820,60261,7206580,0,6792869,1443438,963049,19675,1490241,6,3,12948,0,1146
_ZN5Patch8readfileEP8_IO_FILEP8Molecule,2197959000,7097472,4395918,59565,7097472,0,6689652,1420298,948338,18076,1467300,6,2,7208,0,1138
_ZN5Patch8readfileEP8_IO_FILEP8Molecule,2199300500,7128857,4398601,58678,7128857,0,6720546,1425872,952958,18672,1472820,4,0,7625,0,1121
_ZN5Patch8readfileEP8_IO_FILEP8Molecule,2218322000,7194442,4436644,59124,7194442,0,6783647,1437757,961253,19542,1485316,4,5,13360,0,1132
_ZN5Patch8readfileEP8_IO_FILEP8Molecule,2241860500,7270325,4483721,59587,7270325,0,6854288,1453726,970849,19736,1500104,4,0,13706,0,1178
_ZN5Patch8readfileEP8_IO_FILEP8Molecule,2252385000,7307062,4504770,59706,7307062,0,6890237,1461576,976300,17796,1506863,4,0,19486,0,1151
_ZN5Patch8readfileEP8_IO_FILEP8Molecule,2074123000,6720917,4148246,55502,6720917,0,6339693,1344859,898725,17738,1386740,6,0,7028,0,1068
_ZN5Patch8readfileEP8_IO_FILEP8Molecule,2186834500,7083464,4373669,58534,7083464,0,6682523,1416240,947430,19182,1461177,4,4,14308,0,1118
_ZN5Patch8readfileEP8_IO_FILEP8Molecule,2208970500,7159691,4417941,58787,7159691,0,6751118,1431258,956953,18743,1477969,4,3,11659,0,1135
_ZN5Patch8readfileEP8_IO_FILEP8Molecule,2289178000,7424982,4578356,60834,7424982,0,7000293,1483829,991802,19411,1532555,4,0,9508,0,1173
_ZN5Patch8readfileEP8_IO_FILEP8Molecule,2182736500,7067000,4365473,58584,7067000,0,6665623,1414901,944409,18494,1456320,5,0,17258,0,1172
_ZN5Patch8readfileEP8_IO_FILEP8Molecule,2031834500,6572153,4063669,54642,6572153,0,6198818,1316046,878556,16270,1354565,5,0,16727,0,1071
_ZN5Patch8readfileEP8_IO_FILEP8Molecule,2363106000,7611626,4726212,64965,7611626,0,7177443,1524592,1016755,18866,1569507,6,1,22502,0,1234
_ZN5Patch8readfileEP8_IO_FILEP8Molecule,2101852500,6765759,4203705,57763,6765759,0,6379826,1353930,903724,17786,1397258,4,3,13904,0,1109
_ZN5Patch8readfileEP8_IO_FILEP8Molecule,2044386000,6613706,4088772,54929,6613706,0,6237522,1323240,883937,18007,1364164,6,6,17253,0,1079
_ZN5Patch8readfileEP8_IO_FILEP8Molecule,2115456000,6858705,4230912,56435,6858705,0,6469378,1372121,916903,18523,1414655,4,0,11550,0,1106
_ZN5Patch8readfileEP8_IO_FILEP8Molecule,2146645000,6953079,4293290,57833,6953079,0,6557728,1392179,929127,18066,1432674,5,3,13339,0,1110
_ZN5Patch8readfileEP8_IO_FILEP8Molecule,2336820500,7531958,4673641,64034,7531958,0,7092949,1506513,1003149,19244,1553561,9,3,4960,0,1197
_ZN5Patch8readfileEP8_IO_FILEP8Molecule,2295179000,7371329,4590358,63729,7371329,0,6935159,1474212,978972,19398,1520347,9,3,8342,0,1173
_ZN5Patch8readfileEP8_IO_FILEP8Molecule,2163477500,6941669,4326955,59698,6941669,0,6531238,1387448,922610,17847,1432892,8,0,10983,0,1124
_ZN5Patch8readfileEP8_IO_FILEP8Molecule,2274630000,7330986,4549260,61868,7330986,0,6903781,1465403,976357,19915,1513250,5,3,10513,0,1169
_ZN5Patch8readfileEP8_IO_FILEP8Molecule,2195435500,7103414,4390871,59092,7103414,0,6696951,1420898,948627,18152,1464554,4,1,8491,0,1146
_ZN5Patch8readfileEP8_IO_FILEP8Molecule,2195218000,7069452,4390436,60243,7069452,0,6666740,1415881,944289,17460,1457011,5,0,17930,0,1142
_ZN5Patch8readfileEP8_IO_FILEP8Molecule,2222975000,7143545,4445950,61300,7143545,0,6722952,1428912,949939,17780,1472545,10,0,15662,0,1140
_ZN5Patch8readfileEP8_IO_FILEP8Molecule,2223520000,7139080,4447040,61827,7139080,0,6718918,1428616,949018,19457,1471188,5,3,14896,0,1135
_ZN5Patch8readfileEP8_IO_FILEP8Molecule,2162254000,6927296,4324508,59822,6927296,0,6518880,1384701,920652,17286,1427864,7,0,16336,0,1116
_ZN5Patch8readfileEP8_IO_FILEP8Molecule,2288015500,7350973,4576031,62865,7350973,0,6916998,1469268,976991,19308,1515572,8,0,9572,0,1177
_ZN5Patch8readfileEP8_IO_FILEP8Molecule,2186874500,7058991,4373749,59598,7058991,0,6656992,1412752,943516,19287,1455357,5,0,15189,0,1136
_ZN5Patch8readfileEP8_IO_FILEP8Molecule,2222238500,7168632,4444477,60702,7168632,0,6759678,1434503,957360,19498,1477612,6,0,13752,0,1159
_ZN5Patch8readfileEP8_IO_FILEP8Molecule,2280538500,7327766,4561077,62530,7327766,0,6894960,1464511,973967,19463,1511196,5,3,8369,0,1181
_ZN5Patch8readfileEP8_IO_FILEP8Molecule,2461670000,7892026,4923340,68250,7892026,0,7427115,1578177,1048999,19526,1626580,6,2,19496,0,1261
_ZN5Patch8readfileEP8_IO_FILEP8Molecule,2357921000,7556694,4715842,65174,7556694,0,7111649,1509463,1004582,20153,1558384,9,0,9686,0,1226
_ZN5Patch8readfileEP8_IO_FILEP8Molecule,2267636500,7281299,4535273,62195,7281299,0,6854490,1454318,968906,19902,1502377,6,8,11600,0,1176
_ZN5Patch8readfileEP8_IO_FILEP8Molecule,2071661500,6675290,4143323,56533,6675290,0,6296725,1335082,892590,17149,1377276,6,10,13487,0,1086
_ZN5Patch8readfileEP8_IO_FILEP8Molecule,2085663000,6753296,4171326,55938,6753296,0,6369780,1351287,902814,17713,1393145,4,0,12673,0,1092
_ZN5Patch8readfileEP8_IO_FILEP8Molecule,2309447000,7438439,4618894,63005,7438439,0,7008863,1487000,991781,18418,1535652,5,5,21625,0,1194
_ZN5Patch8readfileEP8_IO_FILEP8Molecule,2409293500,7738389,4818587,66366,7738389,0,7282293,1546859,1028761,21130,1596406,7,0,9821,0,1234
_ZN5Patch8readfileEP8_IO_FILEP8Molecule,2184801500,7016608,4369603,59827,7016608,0,6602007,1400843,932423,18051,1447538,7,0,6888,0,1134
_ZN5Patch8readfileEP8_IO_FILEP8Molecule,2290144000,7367091,4580288,62399,7367091,0,6937666,1471433,981223,18737,1521894,5,0,12908,0,1188
_ZN5Patch8readfileEP8_IO_FILEP8Molecule,2077045500,6713431,4154091,55838,6713431,0,6332167,1342566,897968,17767,1385795,5,3,9098,0,1079
_ZN5Patch8readfileEP8_IO_FILEP8Molecule,2219294000,7184452,4438588,59514,7184452,0,6775142,1437632,960018,18148,1482182,5,2,12322,0,1164
_ZN5Patch8readfileEP8_IO_FILEP8Molecule,2151498500,6961770,4302997,57762,6961770,0,6566036,1393314,930991,17735,1436477,6,3,10859,0,1127
_ZN5Patch8readfileEP8_IO_FILEP8Molecule,2006972500,6474015,4013945,54984,6474015,0,6105575,1295367,865055,17627,1335522,6,1,13059,0,1038
_ZN5Patch8readfileEP8_IO_FILEP8Molecule,2247509500,7232129,4495019,61567,7232129,0,6819947,1446314,966390,17942,1493774,10,3,20937,0,1164
_ZN5Patch8readfileEP8_IO_FILEP8Molecule,2143595000,6932433,4287190,57557,6932433,0,6536863,1385981,926200,18089,1431386,5,0,12565,0,1110
_ZN5Patch8readfileEP8_IO_FILEP8Molecule,2185414000,7079449,4370828,58423,7079449,0,6677210,1415578,946653,19346,1463034,4,0,13371,0,1131
_ZN5Patch8readfileEP8_IO_FILEP8Molecule,2247979500,7286492,4495959,59837,7286492,0,6872078,1458234,973857,19033,1501899,4,7,16661,0,1197
_ZN5Patch8readfileEP8_IO_FILEP8Molecule,2130539000,6895367,4261078,56823,6895367,0,6503540,1379823,921878,17088,1421905,5,1,23133,0,1139
_ZN5Patch8readfileEP8_IO_FILEP8Molecule,2202540500,7103550,4405081,60165,7103550,0,6699795,1421918,949434,18048,1465547,4,4,10902,0,1153
_ZN5Patch8readfileEP8_IO_FILEP8Molecule,2220666500,7143271,4441333,60808,7143271,0,6736976,1428249,954567,19521,1475530,4,3,21020,0,1189
_ZN5Patch8readfileEP8_IO_FILEP8Molecule,2036742000,6589647,4073484,54496,6589647,0,6215750,1317626,881184,17800,1360173,4,3,17417,0,1066
_ZN5Patch8readfileEP8_IO_FILEP8Molecule,2230593000,7215250,4461186,59658,7215250,0,6805862,1442472,964721,17829,1488896,4,5,22314,0,1171
_ZN5Patch8readfileEP8_IO_FILEP8Molecule,2121422000,6866799,4242844,56942,6866799,0,6474847,1373737,917137,17285,1415966,6,1,8692,0,1104
_ZN5Patch8readfileEP8_IO_FILEP8Molecule,2228698000,7180422,4457396,60820,7180422,0,6762853,1435659,956961,19741,1482633,11,4,9417,0,1160
_ZN5Patch8readfileEP8_IO_FILEP8Molecule,2297682500,7383130,4595365,63507,7383130,0,6948692,1475705,981547,20079,1523287,5,1,13234,0,1174
_ZN5Patch8readfileEP8_IO_FILEP8Molecule,2165255000,6941320,4330510,59703,6941320,0,6531888,1386231,922967,17908,1433527,11,6,7071,0,1122
_ZN5Patch8readfileEP8_IO_FILEP8Molecule,2283309500,7338765,4566619,62945,7338765,0,6909378,1465744,977004,19940,1517565,6,5,14491,0,1166
_ZN5Patch8readfileEP8_IO_FILEP8Molecule,2106290000,6808966,4212580,56587,6808966,0,6422076,1361122,910325,17311,1405789,4,0,6024,0,1087
_ZN5Patch8readfileEP8_IO_FILEP8Molecule,2165430000,6982053,4330860,58927,6982053,0,6585974,1397460,933241,17230,1439662,4,7,18233,0,1133
_ZN5Patch8readfileEP8_IO_FILEP8Molecule,2341619000,7507695,4683238,64299,7507695,0,7071831,1501549,1000836,18864,1549027,8,0,14328,0,1213
_ZN5Patch8readfileEP8_IO_FILEP8Molecule,2430343500,7789161,4860687,67490,7789161,0,7332960,1557787,1036193,19974,1605416,7,3,7818,0,1246
_ZN5Patch8readfileEP8_IO_FILEP8Molecule,2336390500,7481041,4672781,64815,7481041,0,7041082,1494499,994771,20587,1543548,8,0,16239,0,1211
_ZN5Patch8readfileEP8_IO_FILEP8Molecule,2284282500,7334096,4568565,62788,7334096,0,6902526,1464634,975214,18666,1513164,5,6,8199,0,1171
_ZN5Patch8readfileEP8_IO_FILEP8Molecule,2133980500,6877315,4267961,58034,6877315,0,6486500,1375391,919531,17691,1419829,11,3,8147,0,1109
_ZN5Patch8readfileEP8_IO_FILEP8Molecule,2270239500,7305430,4540479,62194,7305430,0,6889951,1460951,976419,18420,1508157,6,3,9501,0,1177
_ZN5Patch8readfileEP8_IO_FILEP8Molecule,2262066000,7233885,4524132,62488,7233885,0,6812741,1446024,964455,18179,1495051,8,0,13372,0,1178
_ZN5Patch8readfileEP8_IO_FILEP8Molecule,2355547500,7533901,4711095,65661,7533901,0,7094773,1506361,1003892,20782,1556111,5,3,8754,0,1209
_ZN5Patch8readfileEP8_IO_FILEP8Molecule,2343099500,7491492,4686199,64760,7491492,0,7050805,1495458,996468,18829,1548547,10,0,14044,0,1215
_ZN5Patch8readfileEP8_IO_FILEP8Molecule,2296438500,7348125,4592877,63322,7348125,0,6915695,1466580,977242,18780,1519260,6,3,6671,0,1187
_ZN5Patch8readfileEP8_IO_FILEP8Molecule,2161408000,6955303,4322816,59067,6955303,0,6563261,1390290,931196,17821,1436526,5,3,10474,0,1129
_ZN5Patch8readfileEP8_IO_FILEP8Molecule,2111937000,6822274,4223874,56993,6822274,0,6434980,1364228,912254,18454,1409321,5,7,16988,0,1099
_ZN5Patch8readfileEP8_IO_FILEP8Molecule,2238024000,7182864,4476048,61712,7182864,0,6764676,1434640,957145,19782,1485502,5,3,14165,0,1166
_ZN5Patch8readfileEP8_IO_FILEP8Molecule,2257694500,7229308,4515389,62665,7229308,0,6807791,1444844,963223,19190,1494477,8,10,10893,0,1165
_ZN5Patch8readfileEP8_IO_FILEP8Molecule,2101656000,6725292,4203312,58167,6725292,0,6328607,1341929,894326,18002,1390942,9,0,10103,0,1100
_ZN5Patch8readfileEP8_IO_FILEP8Molecule,2280339000,7324514,4560678,62438,7324514,0,6899824,1462593,977071,18696,1514186,5,3,7184,0,1182
_ZN5Patch8readfileEP8_IO_FILEP8Molecule,2189916000,7074126,4379832,59046,7074126,0,6671649,1413546,945933,18158,1461995,4,0,10943,0,1136
_ZN5Patch8readfileEP8_IO_FILEP8Molecule,2253363000,7280744,4506726,60604,7280744,0,6867350,1455562,973217,19717,1503008,4,3,14337,0,1185
_ZN5Patch8readfileEP8_IO_FILEP8Molecule,2166072000,6999116,4332144,58422,6999116,0,6602281,1399560,936036,17751,1445083,5,5,6075,0,1128
_ZN5Patch8readfileEP8_IO_FILEP8Molecule,2270349000,7311325,4540698,62424,7311325,0,6896155,1461878,977011,18503,1510014,4,3,8036,0,1170
_ZN5Patch8readfileEP8_IO_FILEP8Molecule,2155391500,6931328,4310783,58973,6931328,0,6537152,1384800,926431,17318,1433864,4,0,18030,0,1125
_ZN5Patch8readfileEP8_IO_FILEP8Molecule,2039708500,6592970,4079417,54805,6592970,0,6218031,1317276,881416,16630,1362316,4,3,5690,0,1043
_ZN5Patch8readfileEP8_IO_FILEP8Molecule,2319551000,7501006,4639102,62161,7501006,0,7074535,1498245,1002630,19127,1550445,6,3,15488,0,1203
_ZN5Patch8readfileEP8_IO_FILEP8Molecule,2087142500,6769400,4174285,55372,6769400,0,6382404,1353700,904088,17619,1397160,4,3,14333,0,1101
_ZN5Patch8readfileEP8_IO_FILEP8Molecule,2263176500,7339515,4526353,59786,7339515,0,6920579,1467945,980704,18120,1513145,5,2,24717,0,1201
_ZN5Patch8readfileEP8_IO_FILEP8Molecule,2132839000,6911150,4265678,57136,6911150,0,6519470,1383256,924238,17937,1425816,4,0,13879,0,1114
_ZN5Patch8readfileEP8_IO_FILEP8Molecule,2160936000,7000265,4321872,57566,7000265,0,6603143,1399761,936185,17817,1444629,4,4,6619,0,1130
_ZN5Patch8readfileEP8_IO_FILEP8Molecule,2179756000,7064201,4359512,57854,7064201,0,6661233,1411403,943687,17767,1458617,4,4,8759,0,1131
_ZN5Patch8readfileEP8_IO_FILEP8Molecule,2198182500,7130696,4396365,58229,7130696,0,6724140,1424930,952984,19455,1471582,4,0,14284,0,1150
_ZN5Patch8readfileEP8_IO_FILEP8Molecule,2209681500,7174752,4419363,58515,7174752,0,6765977,1435066,958775,18763,1479743,4,0,12553,0,1146
_ZN5Patch8readfileEP8_IO_FILEP8Molecule,2206890000,7150284,4413780,58908,7150284,0,6739040,1430334,954725,18894,1476247,4,1,11943,0,1151
_ZN5Patch8readfileEP8_IO_FILEP8Molecule,2196158500,7100904,4392317,59423,7100904,0,6693731,1421885,948810,18631,1466358,4,3,9764,0,1119
_ZN5Patch8readfileEP8_IO_FILEP8Molecule,2308694000,7458843,4617388,62328,7458843,0,7032039,1492721,997218,19093,1541851,6,0,8341,0,1202
_ZN5Patch8readfileEP8_IO_FILEP8Molecule,2115729500,6851758,4231459,56484,6851758,0,6459468,1370235,915701,17825,1415918,5,4,9314,0,1079
_ZN5Patch8readfileEP8_IO_FILEP8Molecule,2219923000,7194256,4439846,59060,7194256,0,6783548,1437780,961389,18323,1485965,4,3,10769,0,1148
_ZN5Patch8readfileEP8_IO_FILEP8Molecule,2051262500,6653549,4102525,54725,6653549,0,6276300,1331707,889687,16811,1371420,5,2,10653,0,1060
_ZN5Patch8readfileEP8_IO_FILEP8Molecule,2113217500,6831066,4226435,56888,6831066,0,6439911,1368835,913732,17474,1410331,8,0,11169,0,1103
_ZN5Patch8readfileEP8_IO_FILEP8Molecule,2222851000,7167929,4445702,60953,7167929,0,6755339,1436773,957940,18901,1479843,5,0,9253,0,1139
_ZN5Patch8readfileEP8_IO_FILEP8Molecule,2194898500,7053140,4389797,60108,7053140,0,6645286,1412257,942161,17672,1458089,8,0,19038,0,1140
_ZN5Patch8readfileEP8_IO_FILEP8Molecule,2098035500,6784178,4196071,56315,6784178,0,6393943,1357763,906463,18325,1401765,6,0,15173,0,1070
_ZN5Patch8readfileEP8_IO_FILEP8Molecule,2185960000,7084032,4371920,58345,7084032,0,6681615,1416591,947220,18786,1462505,5,0,12827,0,1133
_ZN5Patch8readfileEP8_IO_FILEP8Molecule,2022939500,6545789,4045879,54429,6545789,0,6175037,1308981,875466,17004,1351291,4,1,10275,0,1043
_ZN5Patch8readfileEP8_IO_FILEP8Molecule,2373703000,7648370,4747406,64586,7648370,0,7209990,1531057,1022865,19567,1582678,4,5,10842,0,1225
_ZN5Patch8readfileEP8_IO_FILEP8Molecule,2199112000,7061450,4398224,61005,7061450,0,6653883,1414143,943316,18734,1461675,6,3,9568,0,1121
_ZN5Patch8readfileEP8_IO_FILEP8Molecule,2323871500,7464241,4647743,63940,7464241,0,7033571,1493553,997322,18653,1545648,6,7,18582,0,1205
_ZN5Patch8readfileEP8_IO_FILEP8Molecule,2243668000,7238786,4487336,60475,7238786,0,6821907,1447334,966799,17853,1497621,8,2,19492,0,1151
_ZN5Patch8readfileEP8_IO_FILEP8Molecule,2172322000,7034521,4344644,58006,7034521,0,6636056,1405707,941101,18608,1452327,4,3,7681,0,1121
_ZN5Patch8readfileEP8_IO_FILEP8Molecule,2223368000,7196473,4446736,59287,7196473,0,6785840,1438099,961490,17603,1485310,4,0,19706,0,1142
_ZN5Patch8readfileEP8_IO_FILEP8Molecule,2185447000,7064061,4370894,58730,7064061,0,6659135,1412936,944261,17531,1460390,5,1,17336,0,1127
_ZN5Patch8readfileEP8_IO_FILEP8Molecule,2275272500,7333770,4550545,62108,7333770,0,6911024,1467855,979859,18566,1517382,4,3,5376,0,1153
_ZN5Patch8readfileEP8_IO_FILEP8Molecule,2138997000,6887395,4277994,58183,6887395,0,6489408,1377235,920065,17171,1426199,4,3,16183,0,1106
_ZN5Patch8readfileEP8_IO_FILEP8Molecule,2080496000,6731214,4160992,55797,6731214,0,6345565,1344111,899220,18272,1391311,4,3,11945,0,1062
_ZN5Patch8readfileEP8_IO_FILEP8Molecule,2270198500,7350899,4540397,60540,7350899,0,6930880,1467641,982044,18712,1518873,4,3,10043,0,1160
_ZN5Patch8readfileEP8_IO_FILEP8Molecule,2193776500,7090603,4387553,58692,7090603,0,6684605,1416756,946793,17363,1465746,4,3,22225,0,1147
_ZN5Patch8readfileEP8_IO_FILEP8Molecule,2202013500,7130266,4404027,58811,7130266,0,6724149,1425186,953215,19453,1471584,4,1,15040,0,1145
_ZN5Patch8readfileEP8_IO_FILEP8Molecule,2136614000,6910076,4273228,57629,6910076,0,6517587,1381427,923516,18055,1426922,4,0,12155,0,1083
_ZN5Patch8readfileEP8_IO_FILEP8Molecule,2125064000,6869193,4250128,56983,6869193,0,6479554,1372197,918649,18107,1418283,4,8,11919,0,1099
_ZN5Patch8readfileEP8_IO_FILEP8Molecule,2139245500,6928609,4278491,56880,6928609,0,6533072,1383296,925623,18104,1432281,4,0,11068,0,1090
_ZN5Patch8readfileEP8_IO_FILEP8Molecule,2227991500,7218422,4455983,59442,7218422,0,6805889,1441478,963013,16199,1492243,43,5,18972,10,1065
_ZN9PatchList8readfileEP8_IO_FILEP8Molecule,6185000,4792,12370,51,4792,0,4639,385,1782,1934,1001,27,1,363,3,149
_ZN11ComputeList8readfileEP8_IO_FILEP9PatchList,1531355000,4922968,3062710,24247,4922968,0,4368466,1106803,698035,7598,1157564,230,11,357,8,2262
_ZN9ResultSetC1Ei,3408943000,1661918,6817886,23,1661918,0,1661908,157,1107562,1107534,190525,2,13,4769,0,69267
_ZN9ResultSetC1Ei,3360700000,1661918,6721400,19,1661918,0,1661908,157,1107562,1107542,190512,0,5,7429,0,69263
_ZN9ResultSetC1Ei,3371999500,1661919,6743999,16,1661919,0,1661910,157,1107563,1107550,190519,0,6,5156,0,69263
_ZN9ResultSetC1Ei,3369192000,1661918,6738384,16,1661918,0,1661908,157,1107562,1107543,190522,0,11,6034,0,69263
_ZN9ResultSetC1Ei,3373823000,1661920,6747646,16,1661920,0,1661911,157,1107563,1107546,190518,0,15,5605,0,69263
_ZN9ResultSetC1Ei,3365032000,1661917,6730064,16,1661917,0,1661907,157,1107561,1107546,190512,1,5,11602,0,69266
_ZN9ResultSetC1Ei,3374382000,1661919,6748764,162,1661919,0,1662646,1102,1107356,1105297,190780,74,14,19992,4,69317
_ZN5Patch10zeroforcesEv,20067000,8830,40134,2,8830,0,9461,6,7554,6045,641,0,0,9678,0,473
_ZN5Patch10zeroforcesEv,20736000,9043,41472,2,9043,0,9689,6,7736,6329,649,0,0,9838,0,483
_ZN5Patch10zeroforcesEv,18172000,8076,36344,2,8076,0,8654,6,6908,5424,585,0,0,8764,0,431
_ZN5Patch10zeroforcesEv,19919000,8707,39838,3,8707,0,9329,6,7448,5946,638,0,0,10806,0,467
_ZN5Patch10zeroforcesEv,20534000,9043,41068,2,9043,0,9689,6,7736,6277,659,0,0,10653,0,485
_ZN5Patch10zeroforcesEv,20476000,9169,40952,2,9169,0,9824,6,7844,6061,667,0,0,6314,0,489
_ZN5Patch10zeroforcesEv,18503500,9127,37007,2,9127,0,9779,6,7808,5365,664,0,0,2,0,489
_ZN5Patch10zeroforcesEv,19065000,8889,38130,2,8889,0,9524,6,7604,5654,649,0,0,3115,0,478
_ZN5Patch10zeroforcesEv,20319500,8886,40639,2,8886,0,9521,6,7602,6388,648,0,0,8820,0,476
_ZN5Patch10zeroforcesEv,20774000,9166,41548,2,9166,0,9821,6,7842,6616,658,0,0,9610,0,492
_ZN5Patch10zeroforcesEv,19968000,8637,39936,2,8637,0,9254,6,7388,6265,628,0,0,11768,0,462
_ZN5Patch10zeroforcesEv,19893500,9054,39787,2,9054,0,9701,6,7746,6367,659,0,0,8987,0,486
_ZN5Patch10zeroforcesEv,18651000,8704,37302,2,8704,0,9326,6,7446,5858,625,0,0,4024,0,468
_ZN5Patch10zeroforcesEv,19960500,8759,39921,2,8759,0,9386,6,7494,6104,636,0,0,9617,0,468
_ZN5Patch10zeroforcesEv,20589500,8928,41179,2,8928,0,9566,6,7638,6473,652,0,0,10512,0,481
_ZN5Patch10zeroforcesEv,20431500,9197,40863,2,9197,0,9854,6,7868,6088,669,0,0,8187,0,493
_ZN5Patch10zeroforcesEv,17912500,8816,35825,2,8816,0,9446,6,7542,5146,633,0,0,2,0,473
_ZN5Patch10zeroforcesEv,17860000,8776,35720,2,8776,0,9404,6,7508,5110,638,0,0,2,0,470
_ZN5Patch10zeroforcesEv,17783000,8760,35566,2,8760,0,9386,6,7494,5112,629,0,0,54,0,469
_ZN5Patch10zeroforcesEv,18803500,8776,37607,2,8776,0,9404,6,7508,5447,641,0,0,3356,0,473
_ZN5Patch10zeroforcesEv,20854500,9435,41709,2,9435,0,10109,6,8072,6318,687,0,0,7302,0,507
_ZN5Patch10zeroforcesEv,18724000,8788,37448,2,8788,0,9416,6,7518,5387,631,0,0,3970,0,471
_ZN5Patch10zeroforcesEv,18969500,8774,37939,2,8774,0,9401,6,7506,5724,638,0,0,7556,0,471
_ZN5Patch10zeroforcesEv,18693500,9043,37387,2,9043,0,9689,6,7736,5336,660,0,0,125,0,486
_ZN5Patch10zeroforcesEv,17806000,8886,35612,2,8886,0,9521,6,7602,5181,638,0,0,2,0,476
_ZN5Patch10zeroforcesEv,18007500,8661,36015,2,8661,0,9281,6,7410,5221,627,0,0,2401,0,463
_ZN5Patch10zeroforcesEv,20858500,9096,41717,2,9096,0,9746,6,7782,6693,653,0,0,11876,0,486
_ZN5Patch10zeroforcesEv,20639500,8972,41279,2,8972,0,9614,6,7676,6377,651,0,0,9910,0,483
_ZN5Patch10zeroforcesEv,20294500,8970,40589,2,8970,0,9611,6,7674,6250,655,0,0,9163,0,481
_ZN5Patch10zeroforcesEv,20695500,9042,41391,2,9042,0,9689,6,7736,6251,656,0,0,7586,0,484
_ZN5Patch10zeroforcesEv,21114000,9124,42228,2,9124,0,9776,6,7806,6618,655,0,0,10104,0,489
_ZN5Patch10zeroforcesEv,21482500,9168,42965,2,9168,0,9824,6,7844,6434,666,0,0,5448,0,489
_ZN5Patch10zeroforcesEv,18290500,8451,36581,2,8451,0,9056,6,7230,6020,607,0,0,60,0,452
_ZN5Patch10zeroforcesEv,18358500,8917,36717,2,8917,0,9554,6,7628,5631,648,0,0,533,0,479
_ZN5Patch10zeroforcesEv,18749500,8998,37499,2,8998,0,9641,6,7698,5389,646,0,0,14,0,482
_ZN5Patch10zeroforcesEv,19740500,9333,39481,2,9333,0,10001,6,7986,5680,670,0,0,2996,0,500
_ZN5Patch10zeroforcesEv,20274000,8871,40548,2,8871,0,9506,6,7590,6024,637,0,0,12214,0,475
_ZN5Patch10zeroforcesEv,19254500,8258,38509,3,8258,0,8849,6,7064,5444,611,0,0,8990,0,447
_ZN5Patch10zeroforcesEv,21381500,9617,42763,2,9617,0,10304,6,8228,6676,699,0,0,8254,0,517
_ZN5Patch10zeroforcesEv,18199000,8567,36398,3,8567,0,9179,6,7328,5287,618,0,0,28,0,459
_ZN5Patch10zeroforcesEv,19196000,8325,38392,2,8325,0,8921,6,7122,5797,598,0,0,68,0,445
_ZN5Patch10zeroforcesEv,19700000,8622,39400,2,8622,0,9239,6,7376,5745,619,0,0,2643,0,462
_ZN5Patch10zeroforcesEv,19953000,8735,39906,2,8735,0,9359,6,7472,6163,637,0,0,8148,0,469
_ZN5Patch10zeroforcesEv,21969500,9529,43939,3,9529,0,10211,6,8154,6358,696,0,0,3184,0,510
_ZN5Patch10zeroforcesEv,21525500,9361,43051,2,9361,0,10031,6,8010,6205,683,0,0,12669,0,501
_ZN5Patch10zeroforcesEv,20141000,8829,40282,2,8829,0,9461,6,7554,6072,644,0,0,8263,0,474
_ZN5Patch10zeroforcesEv,21395000,9281,42790,2,9281,0,9944,6,7940,6336,677,0,0,3024,0,498
_ZN5Patch10zeroforcesEv,20558500,8959,41117,2,8959,0,9599,6,7664,6180,653,0,0,6250,0,479
_ZN5Patch10zeroforcesEv,20471000,8927,40942,2,8927,0,9566,6,7638,6519,651,0,0,2624,0,479
_ZN5Patch10zeroforcesEv,21140000,9071,42280,3,9071,0,9719,6,7760,6359,664,0,0,9024,0,486
_ZN5Patch10zeroforcesEv,21136500,9082,42273,2,9082,0,9731,6,7770,6578,661,0,0,12527,0,487
_ZN5Patch10zeroforcesEv,19961500,8830,39923,2,8830,0,9461,6,7554,6312,645,0,0,10345,0,474
_ZN5Patch10zeroforcesEv,21743000,9351,43486,2,9351,0,10019,6,8000,6528,681,0,0,8122,0,501
_ZN5Patch10zeroforcesEv,19600000,8931,39200,2,8931,0,9569,6,7640,6117,652,0,0,65,0,479
_ZN5Patch10zeroforcesEv,19579500,9071,39159,2,9071,0,9719,6,7760,5465,657,0,0,3856,0,486
_ZN5Patch10zeroforcesEv,21407500,9323,42815,3,9323,0,9989,6,7976,6394,681,0,0,11316,0,500
_ZN5Patch10zeroforcesEv,23303000,10062,46606,2,10062,0,10782,6,8611,7005,732,0,0,10628,0,540
_ZN5Patch10zeroforcesEv,22553000,9645,45106,2,9645,0,10334,6,8252,6399,703,0,0,10170,0,518
_ZN5Patch10zeroforcesEv,21102500,9278,42205,2,9278,0,9941,6,7938,6367,666,0,0,9232,0,497
_ZN5Patch10zeroforcesEv,19480500,8452,38961,2,8452,0,9056,6,7230,5713,607,0,0,7022,0,452
_ZN5Patch10zeroforcesEv,19520500,8493,39041,2,8493,0,9101,6,7266,6014,615,0,0,3086,0,455
_ZN5Patch10zeroforcesEv,21597500,9407,43195,2,9407,0,10079,6,8048,6797,685,0,0,12660,0,504
_ZN5Patch10zeroforcesEv,22451000,9841,44902,2,9841,0,10544,6,8420,7284,717,0,0,12709,0,529
_ZN5Patch10zeroforcesEv,20548000,8931,41096,2,8931,0,9569,6,7640,6376,647,0,0,6722,0,477
_ZN5Patch10zeroforcesEv,21277500,9351,42555,2,9351,0,10019,6,8000,6637,677,0,0,4448,0,501
_ZN5Patch10zeroforcesEv,18608500,8466,37217,2,8466,0,9071,6,7242,5669,608,0,0,7127,0,454
_ZN5Patch10zeroforcesEv,19105000,9042,38210,2,9042,0,9689,6,7736,5760,654,0,0,3136,0,483
_ZN5Patch10zeroforcesEv,19901500,8762,39803,2,8762,0,9389,6,7496,6365,629,0,0,10025,0,470
_ZN5Patch10zeroforcesEv,18525500,8189,37051,2,8189,0,8774,6,7004,5811,595,0,0,9720,0,440
_ZN5Patch10zeroforcesEv,21332500,9165,42665,2,9165,0,9821,6,7842,6222,658,0,0,4621,0,492
_ZN5Patch10zeroforcesEv,19813500,8748,39627,2,8748,0,9374,6,7484,5895,638,0,0,3529,0,471
_ZN5Patch10zeroforcesEv,20152000,8917,40304,2,8917,0,9554,6,7628,5901,650,0,0,7577,0,476
_ZN5Patch10zeroforcesEv,20554500,9168,41109,2,9168,0,9823,6,7844,6221,668,0,0,6858,0,493
_ZN5Patch10zeroforcesEv,18195000,8677,36390,2,8677,0,9297,6,7422,5281,623,0,0,3304,0,465
_ZN5Patch10zeroforcesEv,20854500,8984,41709,2,8984,0,9626,6,7686,6215,645,0,0,11174,0,482
_ZN5Patch10zeroforcesEv,20741000,9039,41482,2,9039,0,9686,6,7734,6606,649,0,0,10808,0,485
_ZN5Patch10zeroforcesEv,18580500,8300,37161,2,8300,0,8894,6,7100,5468,607,0,0,5138,0,446
_ZN5Patch10zeroforcesEv,18192000,9085,36384,2,9085,0,9734,6,7772,5274,661,0,0,3,0,485
_ZN5Patch10zeroforcesEv,18405500,8651,36811,2,8651,0,9269,6,7400,5382,632,0,0,3114,0,463
_ZN5Patch10zeroforcesEv,20275500,9113,40551,3,9113,0,9764,6,7796,6307,667,0,0,11546,0,489
_ZN5Patch10zeroforcesEv,21216500,9393,42433,2,9393,0,10064,6,8036,6278,685,0,0,7842,0,504
_ZN5Patch10zeroforcesEv,18677500,8833,37355,2,8833,0,9464,6,7556,5920,644,0,0,318,0,473
_ZN5Patch10zeroforcesEv,21470500,9319,42941,2,9319,0,9986,6,7974,6899,669,0,0,3892,0,499
_ZN5Patch10zeroforcesEv,20147500,8578,40295,2,8578,0,9191,6,7338,6130,616,0,0,9166,0,460
_ZN5Patch10zeroforcesEv,20120500,8819,40241,2,8819,0,9449,6,7544,6202,643,0,0,7965,0,473
_ZN5Patch10zeroforcesEv,21788500,9575,43577,3,9575,0,10259,6,8192,6383,700,0,0,8180,0,515
_ZN5Patch10zeroforcesEv,20480000,9953,40960,2,9953,0,10664,6,8516,5684,724,0,0,74,0,532
_ZN5Patch10zeroforcesEv,20139000,9547,40278,2,9547,0,10229,6,8168,5827,695,0,0,3352,0,512
_ZN5Patch10zeroforcesEv,21455500,9337,42911,2,9337,0,10004,6,7988,6463,676,0,0,9227,0,500
_ZN5Patch10zeroforcesEv,20428500,8705,40857,2,8705,0,9327,6,7447,5906,635,0,0,183,0,467
_ZN5Patch10zeroforcesEv,21266000,9250,42532,3,9250,0,9911,6,7914,6596,677,0,0,2678,0,498
_ZN5Patch10zeroforcesEv,21715500,9253,43431,3,9253,0,9914,6,7916,6464,676,0,0,7662,0,495
_ZN5Patch10zeroforcesEv,22325500,9645,44651,3,9645,0,10334,6,8252,6891,705,0,0,13236,0,518
_ZN5Patch10zeroforcesEv,22318500,9575,44637,2,9575,0,10259,6,8192,6676,697,0,0,12335,0,513
_ZN5Patch10zeroforcesEv,21462000,9376,42924,2,9376,0,10046,6,8022,6366,679,0,0,10274,0,501
_ZN5Patch10zeroforcesEv,20327000,8830,40654,2,8830,0,9461,6,7554,5967,634,0,0,7674,0,473
_ZN5Patch10zeroforcesEv,19402000,8594,38804,2,8594,0,9209,6,7352,5698,623,0,0,2,0,462
_ZN5Patch10zeroforcesEv,19149000,9141,38298,2,9141,0,9794,6,7820,5477,666,0,0,307,0,490
_ZN5Patch10zeroforcesEv,20643500,9222,41287,2,9222,0,9881,6,7890,6024,662,0,0,56,0,493
_ZN5Patch10zeroforcesEv,18234000,8580,36468,2,8580,0,9194,6,7340,5214,622,0,0,3219,0,461
_ZN5Patch10zeroforcesEv,21379000,9337,42758,2,9337,0,10004,6,7988,6347,676,0,0,10861,0,500
_ZN5Patch10zeroforcesEv,21031500,8945,42063,2,8945,0,9584,6,7652,5854,653,0,0,10794,0,482
_ZN5Patch10zeroforcesEv,21048500,9169,42097,2,9169,0,9824,6,7844,6107,668,0,0,8162,0,491
_ZN5Patch10zeroforcesEv,20353000,8819,40706,2,8819,0,9449,6,7544,6169,639,0,0,2940,0,472
_ZN5Patch10zeroforcesEv,20671000,9253,41342,2,9253,0,9914,6,7916,6158,674,0,0,7315,0,496
_ZN5Patch10zeroforcesEv,18839000,8791,37678,2,8791,0,9419,6,7520,5516,631,0,0,2104,0,471
_ZN5Patch10zeroforcesEv,19369500,8328,38739,3,8328,0,8924,6,7124,5855,611,0,0,7516,0,447
_ZN5Patch10zeroforcesEv,20450500,9460,40901,2,9460,0,10136,6,8094,6246,679,0,0,8332,0,506
_ZN5Patch10zeroforcesEv,18308000,8497,36616,2,8497,0,9104,6,7268,5284,621,0,0,439,0,456
_ZN5Patch10zeroforcesEv,20704000,9208,41408,2,9208,0,9866,6,7878,6833,661,0,0,2844,0,493
_ZN5Patch10zeroforcesEv,19259500,8692,38519,2,8692,0,9314,6,7436,5998,630,0,0,6566,0,465
_ZN5Patch10zeroforcesEv,18835500,8819,37671,2,8819,0,9449,6,7544,6033,643,0,0,14,0,472
_ZN5Patch10zeroforcesEv,19911500,8873,39823,2,8873,0,9507,6,7591,6306,643,0,0,2,0,476
_ZN5Patch10zeroforcesEv,18293500,8959,36587,2,8959,0,9599,6,7664,5724,649,0,0,114,0,480
_ZN5Patch10zeroforcesEv,19504000,9001,39008,2,9001,0,9644,6,7700,5621,652,0,0,121,0,482
_ZN5Patch10zeroforcesEv,20812000,9001,41624,2,9001,0,9644,6,7700,6266,652,0,0,3017,0,483
_ZN5Patch10zeroforcesEv,20587500,8958,41175,2,8958,0,9599,6,7664,6420,653,0,0,8692,0,481
_ZN5Patch10zeroforcesEv,22015000,9418,44030,2,9418,0,10091,6,8058,6148,676,0,0,4010,0,504
_ZN5Patch10zeroforcesEv,19948000,8620,39896,2,8620,0,9236,6,7374,5796,624,0,0,10785,0,463
_ZN5Patch10zeroforcesEv,20680000,9040,41360,2,9040,0,9686,6,7734,6339,649,0,0,10644,0,483
_ZN5Patch10zeroforcesEv,18501000,8367,37002,2,8367,0,8966,6,7158,5440,601,0,0,4308,0,449
_ZN5Patch10zeroforcesEv,18933500,8636,37867,2,8636,0,9254,6,7388,5249,626,0,0,320,0,466
_ZN5Patch10zeroforcesEv,20543500,9099,41087,2,9099,0,9749,6,7784,6580,658,0,0,585,0,488
_ZN5Patch10zeroforcesEv,20894000,8955,41788,2,8955,0,9596,6,7662,6174,643,0,0,4068,0,482
_ZN5Patch10zeroforcesEv,19978500,8580,39957,2,8580,0,9194,6,7340,5754,622,0,0,6744,0,460
_ZN5Patch10zeroforcesEv,20372500,8929,40745,2,8929,0,9567,6,7639,6247,641,0,0,2432,0,478
_ZN5Patch10zeroforcesEv,18364000,8244,36728,3,8244,0,8834,6,7052,5608,605,0,0,5959,0,442
_ZN5Patch10zeroforcesEv,20278000,9684,40556,2,9684,0,10376,6,8286,5845,704,0,0,3043,0,517
_ZN5Patch10zeroforcesEv,20542000,8984,41084,2,8984,0,9626,6,7686,6227,656,0,0,12082,0,481
_ZN5Patch10zeroforcesEv,20823500,9488,41647,2,9488,0,10166,6,8118,6639,691,0,0,7835,0,511
_ZN5Patch10zeroforcesEv,19733500,9166,39467,2,9166,0,9821,6,7842,6329,667,0,0,3549,0,490
_ZN5Patch10zeroforcesEv,20462500,8872,40925,2,8872,0,9506,6,7590,6458,648,0,0,11994,0,476
_ZN5Patch10zeroforcesEv,20822000,9043,41644,2,9043,0,9689,6,7736,6370,655,0,0,5603,0,485
_ZN5Patch10zeroforcesEv,20524500,8901,41049,2,8901,0,9537,6,7615,6312,650,0,0,148,0,478
_ZN5Patch10zeroforcesEv,21305500,9295,42611,2,9295,0,9959,6,7952,6577,672,0,0,3081,0,498
_ZN5Patch10zeroforcesEv,19803500,8732,39607,2,8732,0,9356,6,7470,6147,627,0,0,6954,0,468
_ZN5Patch10zeroforcesEv,19488500,8494,38977,2,8494,0,9102,6,7267,6017,620,0,0,16,0,456
_ZN5Patch10zeroforcesEv,21311000,9250,42622,2,9250,0,9911,6,7914,6671,673,0,0,78,0,497
_ZN5Patch10zeroforcesEv,20201500,8914,40403,2,8914,0,9551,6,7626,6286,646,0,0,3084,0,477
_ZN5Patch10zeroforcesEv,19988000,8959,39976,3,8959,0,9599,6,7664,5880,650,0,0,6463,0,480
_ZN5Patch10zeroforcesEv,18509500,8706,37019,2,8706,0,9329,6,7448,5309,625,0,0,3082,0,467
_ZN5Patch10zeroforcesEv,19865500,8662,39731,3,8662,0,9281,6,7410,6008,626,0,0,10395,0,464
_ZN5Patch10zeroforcesEv,18784500,8718,37569,56,8718,0,9404,554,5753,4606,1048,61,30,7321,1,438
_ZN5Patch10zeroforcesEv,15353000,9085,30706,12,9085,0,8488,814,2333,2174,1087,12,25,26,0,433
_ZN14ResizeArrayRawItE9resizeRawEi,451500,297,903,0,297,0,296,0,176,179,29,0,0,0,0,11
_ZN14ResizeArrayRawIdE9resizeRawEi,576000,295,1152,0,295,0,294,0,174,179,30,0,0,0,0,12
_ZN14ResizeArrayRawItE9resizeRawEi,647500,297,1295,0,297,0,298,0,180,179,30,0,0,0,0,11
_ZN14ResizeArrayRawItE9resizeRawEi,405000,295,810,0,295,0,294,0,176,180,34,0,0,0,0,11
_ZN14ResizeArrayRawItE9resizeRawEi,675500,295,1351,0,295,0,294,0,174,180,29,0,0,0,0,11
_ZN14ResizeArrayRawItE9resizeRawEi,653000,295,1306,0,295,0,295,0,177,177,29,0,0,0,0,12
_ZN14ResizeArrayRawItE9resizeRawEi,573500,296,1147,0,296,0,296,0,178,180,29,0,0,0,0,11
_ZN14ResizeArrayRawItE9resizeRawEi,388000,298,776,0,298,0,298,0,179,180,30,0,0,0,0,11
_ZN14ResizeArrayRawItE9resizeRawEi,520000,296,1040,0,296,0,297,0,180,176,29,0,0,0,0,11
_ZN11SelfCompute6doWorkEP9PatchList,206105742500,482245348,412211485,13563597,482245348,0,500885018,37038762,37450996,560837,91028930,414,148183,66625,553,13898
_ZN14ResizeArrayRawItE9resizeRawEi,1652500,876,3305,0,876,0,778,98,97,101,99,0,3,0,0,49
_ZN14ResizeArrayRawIdE9resizeRawEi,1728500,1227,3457,5,1227,0,1110,142,161,101,161,0,6,0,0,47
_ZN14ResizeArrayRawItE9resizeRawEi,1187000,826,2374,0,826,0,2848,758,1474,1968,204,0,0,506,0,0
_ZN14ResizeArrayRawItE9resizeRawEi,1310000,824,2620,0,824,0,3092,826,1648,2204,207,0,0,525,0,0
_ZN14ResizeArrayRawItE9resizeRawEi,708000,819,1416,8,819,0,1748,372,847,972,165,0,3,195,0,0
_ZN14ResizeArrayRawItE9resizeRawEi,325000,807,650,0,807,0,1436,0,718,218,90,0,0,0,0,0
_ZN14ResizeArrayRawItE9resizeRawEi,312500,805,625,0,805,0,1432,0,716,16,90,0,0,0,0,0
_ZN14ResizeArrayRawItE9resizeRawEi,309500,798,619,0,798,0,1419,0,710,0,89,0,0,0,0,0
_ZN14ResizeArrayRawItE9resizeRawEi,308500,794,617,0,794,0,1412,0,706,0,88,0,0,0,0,0
_ZN11SelfCompute6doWorkEP9PatchList,218346123000,510291724,436692246,14450883,510291724,0,530066314,39181269,39611672,567956,96292709,17,174703,35518,463,8812
_ZN11SelfCompute6doWorkEP9PatchList,171815340500,399320403,343630681,11514694,399320403,0,415132514,30816267,31138307,380001,75467899,6,125024,28434,374,4063
_ZN11SelfCompute6doWorkEP9PatchList,198670686500,461918307,397341373,13301906,461918307,0,480258669,35610109,36005655,551514,87207516,7,142740,35169,438,9962
_ZN11SelfCompute6doWorkEP9PatchList,214289748000,499550101,428579496,14247365,499550101,0,518894486,38344366,38766461,598546,94391467,8,162810,18397,365,8232
_ZN11SelfCompute6doWorkEP9PatchList,223711715500,523407836,447423431,14763633,523407836,0,543610975,40180660,40621297,632905,98956420,5,176205,16116,373,8425
_ZN11SelfCompute6doWorkEP9PatchList,217265735000,507695610,434531470,14375172,507695610,0,527354306,38984055,39411991,558418,95808427,1,147937,19446,502,8340
_ZN11SelfCompute6doWorkEP9PatchList,201542591000,468992789,403085182,13467842,468992789,0,487179378,36016174,36413399,523661,88540474,99,146297,23338,415,8156
_ZN11SelfCompute6doWorkEP9PatchList,206591060500,479223251,413182121,13888803,479223251,0,498254184,36971230,37384477,529971,90476967,3,137636,28342,452,8178
_ZN11SelfCompute6doWorkEP9PatchList,211844023500,492010216,423688047,14239214,492010216,0,511517633,37936733,38357789,540899,92897835,7,147814,25089,505,8212
_ZN11SelfCompute6doWorkEP9PatchList,202927626500,472367936,405855253,13589736,472367936,0,490725900,36270034,36675857,535157,89207707,2,132169,23848,419,8177
_ZN11SelfCompute6doWorkEP9PatchList,211913536500,494258144,423827073,14086131,494258144,0,513390645,37950912,38371139,532191,93410571,4,138167,26297,395,8211
_ZN11SelfCompute6doWorkEP9PatchList,199421016500,462519013,398842033,13364768,462519013,0,480894529,35704414,36100731,554734,87441786,2,141836,19982,589,8003
_ZN11SelfCompute6doWorkEP9PatchList,200415037000,465929295,400830074,13435783,465929295,0,484437302,35959946,36366797,541290,87989470,6,126690,24135,391,8092
_ZN11SelfCompute6doWorkEP9PatchList,210865608500,487443038,421731217,14254290,487443038,0,507265488,37795982,38229340,523924,92130977,6,118869,28306,735,8235
_ZN11SelfCompute6doWorkEP9PatchList,225725760000,522870404,451451520,15258904,522870404,0,544154216,40519689,40981131,551505,98761480,4,136105,22803,1032,8522
_ZN11SelfCompute6doWorkEP9PatchList,208019201500,482913480,416038403,13988205,482913480,0,502069395,37235372,37656235,526259,91226895,0,143883,22970,906,8313
